day,fold,T,tau_star,tau_robust,NB_star,NB_robust,NB_low90_at_robust,max_NB_point,max_NB_low90,NB_all_at_star,NB_all_at_robust,prevalence,treat_rate_star,treat_rate_rob
1,1,75,0.05,0.05,0.07805746249682177,0.07805746249682177,0.06539327290416834,0.07805746249682177,0.06539327290416834,0.1955250444952962,0.1955250444952962,0.2357487922705314,0.21739130434782608,0.21739130434782608
1,1,100,0.05,0.05,0.017086193745232646,0.017086193745232646,0.010144166222556653,0.017086193745232646,0.010144166222556653,0.08263412153572336,0.08263412153572336,0.1285024154589372,0.08115942028985507,0.08115942028985507
1,2,75,0.05,0.05,0.10444716442268462,0.10444716442268462,0.08984006991457408,0.10444716442268462,0.08984006991457408,0.2248062015503876,0.2248062015503876,0.26356589147286824,0.2441860465116279,0.2441860465116279
1,2,100,0.05,0.05,0.03549571603427172,0.03549571603427172,0.026479169363325585,0.03549571603427172,0.026479169363325585,0.1044471644226846,0.1044471644226846,0.14922480620155038,0.08139534883720931,0.08139534883720931
1,3,75,0.05,0.05,0.09169567888593078,0.09169567888593078,0.07682051210441859,0.09169567888593078,0.07682051210441859,0.19107106287118575,0.19107106287118575,0.23151750972762647,0.2227626459143969,0.2227626459143969
1,3,100,0.05,0.05,0.0310772066352652,0.0310772066352652,0.022596227908252553,0.0310772066352652,0.022596227908252553,0.09686668031947573,0.09686668031947573,0.14202334630350194,0.09046692607003891,0.09046692607003891
1,4,75,0.05,0.05,0.09034315995266759,0.09034315995266759,0.07455649722767646,0.09034315995266759,0.07455649722767646,0.2138704532592478,0.2138704532592478,0.25317693059628543,0.19941348973607037,0.19941348973607037
1,4,100,0.05,0.05,0.01960179039975305,0.01960179039975305,0.012896965113000992,0.01960179039975305,0.012896965113000992,0.09039460822143333,0.09039460822143333,0.13587487781036167,0.05767350928641251,0.05767350928641251
1,5,75,0.05,0.05,0.07177974434611602,0.07177974434611602,0.05903255185861167,0.07177974434611602,0.05903255185861167,0.19888216115510016,0.19888216115510016,0.23893805309734514,0.20943952802359883,0.20943952802359883
1,5,100,0.05,0.05,0.020286704962997462,0.020286704962997462,0.013580319855329055,0.020286704962997462,0.013580319855329055,0.09227345650261347,0.09227345650261347,0.1376597836774828,0.08652900688298919,0.08652900688298919
2,1,75,0.05,0.05,0.10144927536231885,0.10144927536231885,0.08499493458593128,0.10144927536231885,0.08499493458593128,0.1955250444952962,0.1955250444952962,0.2357487922705314,0.2560386473429952,0.2560386473429952
2,1,100,0.05,0.05,0.0387490465293669,0.0387490465293669,0.02843038093216592,0.0387490465293669,0.02843038093216592,0.08263412153572336,0.08263412153572336,0.1285024154589372,0.11400966183574879,0.11400966183574879
2,2,75,0.05,0.05,0.11005711954304365,0.11005711954304365,0.0925138184611412,0.11005711954304365,0.0925138184611412,0.2248062015503876,0.2248062015503876,0.26356589147286824,0.23449612403100775,0.23449612403100775
2,2,100,0.05,0.05,0.04977560179518564,0.04977560179518564,0.03873620019436116,0.04977560179518564,0.03873620019436116,0.1044471644226846,0.1044471644226846,0.14922480620155038,0.10077519379844961,0.10077519379844961
2,3,75,0.05,0.05,0.11166291214417366,0.11166291214417366,0.09546758064422278,0.11166291214417366,0.09546758064422278,0.19107106287118575,0.19107106287118575,0.23151750972762647,0.2519455252918288,0.2519455252918288
2,3,100,0.05,0.05,0.04449109154208478,0.04449109154208478,0.033036473579692575,0.04449109154208478,0.033036473579692575,0.09686668031947573,0.09686668031947573,0.14202334630350194,0.10797665369649806,0.10797665369649806
2,4,75,0.05,0.05,0.11822812162370737,0.11822812162370737,0.10233806260471598,0.11822812162370737,0.10233806260471598,0.2138704532592478,0.2138704532592478,0.25317693059628543,0.23655913978494625,0.23655913978494625
2,4,100,0.05,0.05,0.03122909914081391,0.03122909914081391,0.02141828467901004,0.03122909914081391,0.02141828467901004,0.09039460822143333,0.09039460822143333,0.13587487781036167,0.09090909090909091,0.09090909090909091
2,5,75,0.05,0.05,0.10029498525073746,0.10029498525073746,0.08518313775271792,0.10029498525073746,0.08518313775271792,0.19888216115510016,0.19888216115510016,0.23893805309734514,0.2182890855457227,0.2182890855457227
2,5,100,0.05,0.05,0.0303783056461212,0.0303783056461212,0.020962155263468656,0.0303783056461212,0.020962155263468656,0.09227345650261347,0.09227345650261347,0.1376597836774828,0.09144542772861357,0.09144542772861357
3,1,75,0.05,0.05,0.11075514874141877,0.11075514874141877,0.0961667765485557,0.11075514874141877,0.0961667765485557,0.1955250444952962,0.1955250444952962,0.2357487922705314,0.27246376811594203,0.27246376811594203
3,1,100,0.05,0.05,0.038443935926773455,0.038443935926773455,0.02884216622104146,0.038443935926773455,0.02884216622104146,0.08263412153572336,0.08263412153572336,0.1285024154589372,0.11980676328502415,0.11980676328502415
3,2,75,0.05,0.05,0.11612607099143206,0.11612607099143206,0.10113093459510662,0.11612607099143206,0.10113093459510662,0.2248062015503876,0.2248062015503876,0.26356589147286824,0.23546511627906977,0.23546511627906977
3,2,100,0.05,0.05,0.045491636066911464,0.045491636066911464,0.036168729963430145,0.045491636066911464,0.036168729963430145,0.1044471644226846,0.1044471644226846,0.14922480620155038,0.10465116279069768,0.10465116279069768
3,3,75,0.05,0.05,0.11760188408765103,0.11760188408765103,0.10145514392604085,0.11760188408765103,0.10145514392604085,0.19107106287118575,0.19107106287118575,0.23151750972762647,0.25583657587548636,0.25583657587548636
3,3,100,0.05,0.05,0.046795003071882044,0.046795003071882044,0.03567758955440632,0.046795003071882044,0.03567758955440632,0.09686668031947573,0.09686668031947573,0.14202334630350194,0.122568093385214,0.122568093385214
3,4,75,0.05,0.05,0.11750784586098678,0.11750784586098678,0.10204563619865031,0.11750784586098678,0.10204563619865031,0.2138704532592478,0.2138704532592478,0.25317693059628543,0.21114369501466276,0.21114369501466276
3,4,100,0.05,0.05,0.03652827082368678,0.03652827082368678,0.026725264549674742,0.03652827082368678,0.026725264549674742,0.09039460822143333,0.09039460822143333,0.13587487781036167,0.10752688172043011,0.10752688172043011
3,5,75,0.05,0.05,0.11556176577136056,0.11556176577136056,0.0984568095729048,0.11556176577136056,0.0984568095729048,0.19888216115510016,0.19888216115510016,0.23893805309734514,0.24287118977384464,0.24287118977384464
3,5,100,0.05,0.05,0.04362676603011954,0.04362676603011954,0.03256901530672074,0.04362676603011954,0.03256901530672074,0.09227345650261347,0.09227345650261347,0.1376597836774828,0.11504424778761062,0.11504424778761062
4,1,75,0.05,0.05,0.1156369183829138,0.1156369183829138,0.09959258053861567,0.1156369183829138,0.09959258053861567,0.1955250444952962,0.1955250444952962,0.2357487922705314,0.2763285024154589,0.2763285024154589
4,1,100,0.05,0.05,0.03793541825578439,0.03793541825578439,0.02722382774406698,0.03793541825578439,0.02722382774406698,0.08263412153572336,0.08263412153572336,0.1285024154589372,0.1294685990338164,0.1294685990338164
4,2,75,0.05,0.05,0.13086495308037535,0.13086495308037535,0.1138969412280752,0.13086495308037535,0.1138969412280752,0.2248062015503876,0.2248062015503876,0.26356589147286824,0.24612403100775193,0.24612403100775193
4,2,100,0.05,0.05,0.058496532027743776,0.058496532027743776,0.04717464476884735,0.058496532027743776,0.04717464476884735,0.1044471644226846,0.1044471644226846,0.14922480620155038,0.12887596899224807,0.12887596899224807
4,3,75,0.05,0.05,0.11893303297153389,0.11893303297153389,0.10406237028486716,0.11893303297153389,0.10406237028486716,0.19107106287118575,0.19107106287118575,0.23151750972762647,0.25,0.25
4,3,100,0.05,0.05,0.05826336268687282,0.05826336268687282,0.046040618689052557,0.05826336268687282,0.046040618689052557,0.09686668031947573,0.09686668031947573,0.14202334630350194,0.13813229571984437,0.13813229571984437
4,4,75,0.05,0.05,0.128003292689201,0.128003292689201,0.11236216942942236,0.128003292689201,0.11236216942942236,0.2138704532592478,0.2138704532592478,0.25317693059628543,0.22678396871945258,0.22678396871945258
4,4,100,0.05,0.05,0.04157020116273088,0.04157020116273088,0.031664981137639096,0.04157020116273088,0.031664981137639096,0.09039460822143333,0.09039460822143333,0.13587487781036167,0.10948191593352884,0.10948191593352884
4,5,75,0.05,0.05,0.12094395280235987,0.12094395280235987,0.104735243298865,0.12094395280235987,0.104735243298865,0.19888216115510016,0.19888216115510016,0.23893805309734514,0.2586037364798427,0.2586037364798427
4,5,100,0.05,0.05,0.04067691352274491,0.04067691352274491,0.031030378495580914,0.04067691352274491,0.031030378495580914,0.09227345650261347,0.09227345650261347,0.1376597836774828,0.11209439528023599,0.11209439528023599
5,1,75,0.05,0.05,0.10444952962115434,0.10444952962115434,0.08872734134145144,0.10444952962115434,0.08872734134145144,0.1955250444952962,0.1955250444952962,0.2357487922705314,0.2570048309178744,0.2570048309178744
5,1,100,0.05,0.05,0.03946097126875159,0.03946097126875159,0.029802853564087968,0.03946097126875159,0.029802853564087968,0.08263412153572336,0.08263412153572336,0.1285024154589372,0.11980676328502415,0.11980676328502415
5,2,75,0.05,0.05,0.13407792737658097,0.13407792737658097,0.11649769901845526,0.13407792737658097,0.11649769901845526,0.2248062015503876,0.2248062015503876,0.26356589147286824,0.2625968992248062,0.2625968992248062
5,2,100,0.05,0.05,0.059312525499796,0.059312525499796,0.0466865032955729,0.059312525499796,0.0466865032955729,0.1044471644226846,0.1044471644226846,0.14922480620155038,0.13275193798449614,0.13275193798449614
5,3,75,0.05,0.05,0.1265615400368626,0.1265615400368626,0.10891724263359959,0.1265615400368626,0.10891724263359959,0.19107106287118575,0.19107106287118575,0.23151750972762647,0.2607003891050584,0.2607003891050584
5,3,100,0.05,0.05,0.05206840057341798,0.05206840057341798,0.04158899557457526,0.05206840057341798,0.04158899557457526,0.09686668031947573,0.09686668031947573,0.14202334630350194,0.11964980544747082,0.11964980544747082
5,4,75,0.05,0.05,0.12959818902093945,0.12959818902093945,0.11145667883548993,0.12959818902093945,0.11145667883548993,0.2138704532592478,0.2138704532592478,0.25317693059628543,0.23558162267839688,0.23558162267839688
5,4,100,0.05,0.05,0.041312959818902095,0.041312959818902095,0.03115040331903789,0.041312959818902095,0.03115040331903789,0.09039460822143333,0.09039460822143333,0.13587487781036167,0.11436950146627566,0.11436950146627566
5,5,75,0.05,0.05,0.11737307871448532,0.11737307871448532,0.1025304234036214,0.11737307871448532,0.1025304234036214,0.19888216115510016,0.19888216115510016,0.23893805309734514,0.24778761061946902,0.24778761061946902
5,5,100,0.05,0.05,0.04502406458624437,0.04502406458624437,0.03591975052391948,0.04502406458624437,0.03591975052391948,0.09227345650261347,0.09227345650261347,0.1376597836774828,0.10816125860373647,0.10816125860373647
6,1,75,0.05,0.05,0.10541571319603356,0.10541571319603356,0.0907745058257045,0.10541571319603356,0.0907745058257045,0.1955250444952962,0.1955250444952962,0.2357487922705314,0.2579710144927536,0.2579710144927536
6,1,100,0.05,0.05,0.03915586066615815,0.03915586066615815,0.028695575012504217,0.03915586066615815,0.028695575012504217,0.08263412153572336,0.08263412153572336,0.1285024154589372,0.12560386473429952,0.12560386473429952
6,2,75,0.05,0.05,0.13015095879232966,0.13015095879232966,0.1136538746991922,0.13015095879232966,0.1136538746991922,0.2248062015503876,0.2248062015503876,0.26356589147286824,0.25968992248062017,0.25968992248062017
6,2,100,0.05,0.05,0.058343533251733984,0.058343533251733984,0.04692499630125525,0.058343533251733984,0.04692499630125525,0.1044471644226846,0.1044471644226846,0.14922480620155038,0.13178294573643412,0.13178294573643412
6,3,75,0.05,0.05,0.12220970714724556,0.12220970714724556,0.10614130242199295,0.12220970714724556,0.10614130242199295,0.19107106287118575,0.19107106287118575,0.23151750972762647,0.26556420233463035,0.26556420233463035
6,3,100,0.05,0.05,0.051146835961499076,0.051146835961499076,0.04026612206686639,0.051146835961499076,0.04026612206686639,0.09686668031947573,0.09686668031947573,0.14202334630350194,0.11770428015564202,0.11770428015564202
6,4,75,0.05,0.05,0.14024798065545097,0.14024798065545097,0.123716331722413,0.14024798065545097,0.123716331722413,0.2138704532592478,0.2138704532592478,0.25317693059628543,0.2678396871945259,0.2678396871945259
6,4,100,0.05,0.05,0.046766476308072236,0.046766476308072236,0.036410302025670555,0.046766476308072236,0.036410302025670555,0.09039460822143333,0.09039460822143333,0.13587487781036167,0.12805474095796676,0.12805474095796676
6,5,75,0.05,0.05,0.1215132225844848,0.1215132225844848,0.10438156236988247,0.1215132225844848,0.10438156236988247,0.19888216115510016,0.19888216115510016,0.23893805309734514,0.24778761061946902,0.24778761061946902
6,5,100,0.05,0.05,0.04766340630336904,0.04766340630336904,0.037083610457784015,0.04766340630336904,0.037083610457784015,0.09227345650261347,0.09227345650261347,0.1376597836774828,0.11701081612586037,0.11701081612586037
7,1,75,0.05,0.05,0.1079583015509789,0.1079583015509789,0.09283064589387204,0.1079583015509789,0.09283064589387204,0.1955250444952962,0.1955250444952962,0.2357487922705314,0.26763285024154587,0.26763285024154587
7,1,100,0.05,0.05,0.043478260869565216,0.043478260869565216,0.032653809026663254,0.043478260869565216,0.032653809026663254,0.08263412153572336,0.08263412153572336,0.1285024154589372,0.14009661835748793,0.14009661835748793
7,2,75,0.05,0.05,0.13708690330477358,0.13708690330477358,0.12021223620897552,0.13708690330477358,0.12021223620897552,0.2248062015503876,0.2248062015503876,0.26356589147286824,0.26356589147286824,0.26356589147286824
7,2,100,0.05,0.05,0.06104651162790698,0.06104651162790698,0.049605378080259124,0.06104651162790698,0.049605378080259124,0.1044471644226846,0.1044471644226846,0.14922480620155038,0.1385658914728682,0.1385658914728682
7,3,75,0.05,0.05,0.12845586729469588,0.12845586729469588,0.11193040315974508,0.12845586729469588,0.11193040315974508,0.19107106287118575,0.19107106287118575,0.23151750972762647,0.26361867704280156,0.26361867704280156
7,3,100,0.05,0.05,0.057546590210935895,0.057546590210935895,0.04688110495803252,0.057546590210935895,0.04688110495803252,0.09686668031947573,0.09686668031947573,0.14202334630350194,0.13229571984435798,0.13229571984435798
7,4,75,0.05,0.05,0.14271749755620725,0.14271749755620725,0.12212232240129542,0.14271749755620725,0.12212232240129542,0.2138704532592478,0.2138704532592478,0.25317693059628543,0.260019550342131,0.260019550342131
7,4,100,0.05,0.05,0.04532592478263106,0.04532592478263106,0.03543842260075795,0.04532592478263106,0.03543842260075795,0.09039460822143333,0.09039460822143333,0.13587487781036167,0.11632453567937438,0.11632453567937438
7,5,75,0.05,0.05,0.12203074056823474,0.12203074056823474,0.10818968867445525,0.12203074056823474,0.10818968867445525,0.19888216115510016,0.19888216115510016,0.23893805309734514,0.23795476892822026,0.23795476892822026
7,5,100,0.05,0.05,0.041763701288619774,0.041763701288619774,0.030837945512176942,0.041763701288619774,0.030837945512176942,0.09227345650261347,0.09227345650261347,0.1376597836774828,0.1111111111111111,0.1111111111111111
8,1,75,0.05,0.05,0.11451817950673786,0.11451817950673786,0.09904693945494251,0.11451817950673786,0.09904693945494251,0.1955250444952962,0.1955250444952962,0.2357487922705314,0.2782608695652174,0.2782608695652174
8,1,100,0.05,0.05,0.04525807271802695,0.04525807271802695,0.03378283950969142,0.04525807271802695,0.03378283950969142,0.08263412153572336,0.08263412153572336,0.1285024154589372,0.14492753623188406,0.14492753623188406
8,2,75,0.05,0.05,0.13968788249694003,0.13968788249694003,0.12293137291289408,0.13968788249694003,0.12293137291289408,0.2248062015503876,0.2248062015503876,0.26356589147286824,0.25290697674418605,0.25290697674418605
8,2,100,0.05,0.05,0.053192574459404326,0.053192574459404326,0.04093775307908787,0.053192574459404326,0.04093775307908787,0.1044471644226846,0.1044471644226846,0.14922480620155038,0.11337209302325581,0.11337209302325581
8,3,75,0.05,0.05,0.12697112430882654,0.12697112430882654,0.11143864313085358,0.12697112430882654,0.11143864313085358,0.19107106287118575,0.19107106287118575,0.23151750972762647,0.2723735408560311,0.2723735408560311
8,3,100,0.05,0.05,0.05089084579152161,0.05089084579152161,0.03860232478194644,0.05089084579152161,0.03860232478194644,0.09686668031947573,0.09686668031947573,0.14202334630350194,0.122568093385214,0.122568093385214
8,4,75,0.05,0.05,0.14528991099449504,0.14528991099449504,0.12885231515699186,0.14528991099449504,0.12885231515699186,0.2138704532592478,0.2138704532592478,0.25317693059628543,0.25024437927663734,0.25024437927663734
8,4,100,0.05,0.05,0.042856407881874774,0.042856407881874774,0.031566622797446195,0.042856407881874774,0.031566622797446195,0.09039460822143333,0.09039460822143333,0.13587487781036167,0.1241446725317693,0.1241446725317693
8,5,75,0.05,0.05,0.12627438803498423,0.12627438803498423,0.1096673213836321,0.12627438803498423,0.1096673213836321,0.19888216115510016,0.19888216115510016,0.23893805309734514,0.255653883972468,0.255653883972468
8,5,100,0.05,0.05,0.04160844589349479,0.04160844589349479,0.03248987234967581,0.04160844589349479,0.03248987234967581,0.09227345650261347,0.09227345650261347,0.1376597836774828,0.11406096361848574,0.11406096361848574
9,1,75,0.05,0.05,0.11309433002796847,0.11309433002796847,0.09721669597855506,0.11309433002796847,0.09721669597855506,0.1955250444952962,0.1955250444952962,0.2357487922705314,0.24734299516908212,0.24734299516908212
9,1,100,0.05,0.05,0.04195270785659802,0.04195270785659802,0.03180909559785325,0.04195270785659802,0.03180909559785325,0.08263412153572336,0.08263412153572336,0.1285024154589372,0.13043478260869565,0.13043478260869565
9,2,75,0.05,0.05,0.14845981232150143,0.14845981232150143,0.12960822337196357,0.14845981232150143,0.12960822337196357,0.2248062015503876,0.2248062015503876,0.26356589147286824,0.2606589147286822,0.2606589147286822
9,2,100,0.05,0.05,0.0625764993880049,0.0625764993880049,0.05059167356237252,0.0625764993880049,0.05059167356237252,0.1044471644226846,0.1044471644226846,0.14922480620155038,0.12887596899224807,0.12887596899224807
9,3,75,0.05,0.05,0.1302989965185337,0.1302989965185337,0.11425662797499711,0.1302989965185337,0.11425662797499711,0.19107106287118575,0.19107106287118575,0.23151750972762647,0.26750972762645914,0.26750972762645914
9,3,100,0.05,0.05,0.05442351013721073,0.05442351013721073,0.04323968522268935,0.05442351013721073,0.04323968522268935,0.09686668031947573,0.09686668031947573,0.14202334630350194,0.13326848249027237,0.13326848249027237
9,4,75,0.05,0.05,0.14225446313731543,0.14225446313731543,0.12454321696843426,0.14225446313731543,0.12454321696843426,0.2138704532592478,0.2138704532592478,0.25317693059628543,0.24926686217008798,0.24926686217008798
9,4,100,0.05,0.05,0.04532592478263106,0.04532592478263106,0.03520069980802837,0.04532592478263106,0.03520069980802837,0.09039460822143333,0.09039460822143333,0.13587487781036167,0.13587487781036167,0.13587487781036167
9,5,75,0.05,0.05,0.1248770894788594,0.1248770894788594,0.1097820187889931,0.1248770894788594,0.1097820187889931,0.19888216115510016,0.19888216115510016,0.23893805309734514,0.26253687315634217,0.26253687315634217
9,5,100,0.05,0.05,0.04253997826424469,0.04253997826424469,0.03338319660689231,0.04253997826424469,0.03338319660689231,0.09227345650261347,0.09227345650261347,0.1376597836774828,0.1160275319567355,0.1160275319567355
10,1,75,0.05,0.05,0.11939994914823292,0.11939994914823292,0.10159604262487264,0.11939994914823292,0.10159604262487264,0.1955250444952962,0.1955250444952962,0.2357487922705314,0.26280193236714977,0.26280193236714977
10,1,100,0.05,0.05,0.04688532926519197,0.04688532926519197,0.037044084924478124,0.04688532926519197,0.037044084924478124,0.08263412153572336,0.08263412153572336,0.1285024154589372,0.13333333333333333,0.13333333333333333
10,2,75,0.05,0.05,0.13525091799265607,0.13525091799265607,0.11773836778270098,0.13525091799265607,0.11773836778270098,0.2248062015503876,0.2248062015503876,0.26356589147286824,0.25968992248062017,0.25968992248062017
10,2,100,0.05,0.05,0.06323949408404732,0.06323949408404732,0.05104279414131313,0.06323949408404732,0.05104279414131313,0.1044471644226846,0.1044471644226846,0.14922480620155038,0.13565891472868216,0.13565891472868216
10,3,75,0.05,0.05,0.13424124513618677,0.13424124513618677,0.1155424628647546,0.13424124513618677,0.1155424628647546,0.19107106287118575,0.19107106287118575,0.23151750972762647,0.2898832684824903,0.2898832684824903
10,3,100,0.05,0.05,0.05488429244317018,0.05488429244317018,0.04238023895238803,0.05488429244317018,0.04238023895238803,0.09686668031947573,0.09686668031947573,0.14202334630350194,0.1245136186770428,0.1245136186770428
10,4,75,0.05,0.05,0.14909708288316098,0.14909708288316098,0.13188293282175048,0.14909708288316098,0.13188293282175048,0.2138704532592478,0.2138704532592478,0.25317693059628543,0.2561094819159335,0.2561094819159335
10,4,100,0.05,0.05,0.045377373051396816,0.045377373051396816,0.03385175251483198,0.045377373051396816,0.03385175251483198,0.09039460822143333,0.09039460822143333,0.13587487781036167,0.11534701857282502,0.11534701857282502
10,5,75,0.05,0.05,0.12223774776173471,0.12223774776173471,0.10511009910635634,0.12223774776173471,0.10511009910635634,0.19888216115510016,0.19888216115510016,0.23893805309734514,0.2536873156342183,0.2536873156342183
10,5,100,0.05,0.05,0.043782021425244524,0.043782021425244524,0.03353185353453319,0.043782021425244524,0.03353185353453319,0.09227345650261347,0.09227345650261347,0.1376597836774828,0.11209439528023599,0.11209439528023599
11,1,75,0.05,0.05,0.10907704042715484,0.10907704042715484,0.09177688281226927,0.10907704042715484,0.09177688281226927,0.1955250444952962,0.1955250444952962,0.2357487922705314,0.26570048309178745,0.26570048309178745
11,1,100,0.05,0.05,0.044393592677345536,0.044393592677345536,0.0332042493779145,0.044393592677345536,0.0332042493779145,0.08263412153572336,0.08263412153572336,0.1285024154589372,0.14202898550724638,0.14202898550724638
11,2,75,0.05,0.05,0.13525091799265607,0.13525091799265607,0.1178142414428903,0.13525091799265607,0.1178142414428903,0.2248062015503876,0.2248062015503876,0.26356589147286824,0.24031007751937986,0.24031007751937986
11,2,100,0.05,0.05,0.056354549163606694,0.056354549163606694,0.04451107644958128,0.056354549163606694,0.04451107644958128,0.1044471644226846,0.1044471644226846,0.14922480620155038,0.11143410852713179,0.11143410852713179
11,3,75,0.05,0.05,0.13050378865451567,0.13050378865451567,0.11122002228828619,0.13050378865451567,0.11122002228828619,0.19107106287118575,0.19107106287118575,0.23151750972762647,0.2830739299610895,0.2830739299610895
11,3,100,0.05,0.05,0.054474708171206226,0.054474708171206226,0.042912210572345094,0.054474708171206226,0.042912210572345094,0.09686668031947573,0.09686668031947573,0.14202334630350194,0.13229571984435798,0.13229571984435798
11,4,75,0.05,0.05,0.14446673869424295,0.14446673869424295,0.1278214618516226,0.14446673869424295,0.1278214618516226,0.2138704532592478,0.2138704532592478,0.25317693059628543,0.24633431085043989,0.24633431085043989
11,4,100,0.05,0.05,0.045171579976333795,0.045171579976333795,0.035226828806672335,0.045171579976333795,0.035226828806672335,0.09039460822143333,0.09039460822143333,0.13587487781036167,0.13880742913000976,0.13880742913000976
11,5,75,0.05,0.05,0.12611913263985924,0.12611913263985924,0.10936868626857009,0.12611913263985924,0.10936868626857009,0.19888216115510016,0.19888216115510016,0.23893805309734514,0.2586037364798427,0.2586037364798427
11,5,100,0.05,0.05,0.04212596387724474,0.04212596387724474,0.03266109671896428,0.04212596387724474,0.03266109671896428,0.09227345650261347,0.09227345650261347,0.1376597836774828,0.12389380530973451,0.12389380530973451
12,1,75,0.05,0.05,0.1155860666158149,0.1155860666158149,0.0992288003428925,0.1155860666158149,0.0992288003428925,0.1955250444952962,0.1955250444952962,0.2357487922705314,0.2772946859903382,0.2772946859903382
12,1,100,0.05,0.05,0.04419018560894991,0.04419018560894991,0.0342126768260261,0.04419018560894991,0.0342126768260261,0.08263412153572336,0.08263412153572336,0.1285024154589372,0.14589371980676327,0.14589371980676327
12,2,75,0.05,0.05,0.1394328845369237,0.1394328845369237,0.12123906966967818,0.1394328845369237,0.12123906966967818,0.2248062015503876,0.2248062015503876,0.26356589147286824,0.25775193798449614,0.25775193798449614
12,2,100,0.05,0.05,0.05497756017951856,0.05497756017951856,0.04296200337407673,0.05497756017951856,0.04296200337407673,0.1044471644226846,0.1044471644226846,0.14922480620155038,0.1182170542635659,0.1182170542635659
12,3,75,0.05,0.05,0.13521400778210116,0.13521400778210116,0.11727447326015768,0.13521400778210116,0.11727447326015768,0.19107106287118575,0.19107106287118575,0.23151750972762647,0.2908560311284047,0.2908560311284047
12,3,100,0.05,0.05,0.055191480647143146,0.055191480647143146,0.044584879442871116,0.055191480647143146,0.044584879442871116,0.09686668031947573,0.09686668031947573,0.14202334630350194,0.13813229571984437,0.13813229571984437
12,4,75,0.05,0.05,0.14760508308895406,0.14760508308895406,0.1301468112016892,0.14760508308895406,0.1301468112016892,0.2138704532592478,0.2138704532592478,0.25317693059628543,0.2649071358748778,0.2649071358748778
12,4,100,0.05,0.05,0.044657097288676235,0.044657097288676235,0.033896520821400114,0.044657097288676235,0.033896520821400114,0.09039460822143333,0.09039460822143333,0.13587487781036167,0.12903225806451613,0.12903225806451613
12,5,75,0.05,0.05,0.12254825855198467,0.12254825855198467,0.10639332325524166,0.12254825855198467,0.10639332325524166,0.19888216115510016,0.19888216115510016,0.23893805309734514,0.26745329400196655,0.26745329400196655
12,5,100,0.05,0.05,0.0424364746674947,0.0424364746674947,0.032236461638660396,0.0424364746674947,0.032236461638660396,0.09227345650261347,0.09227345650261347,0.1376597836774828,0.11799410029498525,0.11799410029498525
13,1,75,0.05,0.05,0.11828121027205696,0.11828121027205696,0.10180156919234426,0.11828121027205696,0.10180156919234426,0.1955250444952962,0.1955250444952962,0.2357487922705314,0.2647342995169082,0.2647342995169082
13,1,100,0.05,0.05,0.043376557335367404,0.043376557335367404,0.03270978450253008,0.043376557335367404,0.03270978450253008,0.08263412153572336,0.08263412153572336,0.1285024154589372,0.14202898550724638,0.14202898550724638
13,2,75,0.05,0.05,0.14407384740922072,0.14407384740922072,0.1264016729614827,0.14407384740922072,0.1264016729614827,0.2248062015503876,0.2248062015503876,0.26356589147286824,0.26647286821705424,0.26647286821705424
13,2,100,0.05,0.05,0.05854753161974704,0.05854753161974704,0.04636963254673525,0.05854753161974704,0.04636963254673525,0.1044471644226846,0.1044471644226846,0.14922480620155038,0.12790697674418605,0.12790697674418605
13,3,75,0.05,0.05,0.14064099938562358,0.14064099938562358,0.12316327204069835,0.14064099938562358,0.12316327204069835,0.19107106287118575,0.19107106287118575,0.23151750972762647,0.3044747081712062,0.3044747081712062
13,3,100,0.05,0.05,0.05892893712881425,0.05892893712881425,0.04544778404701569,0.05892893712881425,0.04544778404701569,0.09686668031947573,0.09686668031947573,0.14202334630350194,0.14494163424124515,0.14494163424124515
13,4,75,0.05,0.05,0.1509492205587282,0.1509492205587282,0.13243039324586228,0.1509492205587282,0.13243039324586228,0.2138704532592478,0.2138704532592478,0.25317693059628543,0.260019550342131,0.260019550342131
13,4,100,0.05,0.05,0.046972269383135264,0.046972269383135264,0.03675781093939113,0.046972269383135264,0.03675781093939113,0.09039460822143333,0.09039460822143333,0.13587487781036167,0.1241446725317693,0.1241446725317693
13,5,75,0.05,0.05,0.1239973089064845,0.1239973089064845,0.10841926760628984,0.1239973089064845,0.10841926760628984,0.19888216115510016,0.19888216115510016,0.23893805309734514,0.25958702064896755,0.25958702064896755
13,5,100,0.05,0.05,0.04745639910986907,0.04745639910986907,0.03660340868758923,0.04745639910986907,0.03660340868758923,0.09227345650261347,0.09227345650261347,0.1376597836774828,0.12094395280235988,0.12094395280235988
14,1,75,0.05,0.05,0.12595982710399187,0.12595982710399187,0.10968531248591411,0.12595982710399187,0.10968531248591411,0.1955250444952962,0.1955250444952962,0.2357487922705314,0.27342995169082124,0.27342995169082124
14,1,100,0.05,0.05,0.043986778540554286,0.043986778540554286,0.033279589620205885,0.043986778540554286,0.033279589620205885,0.08263412153572336,0.08263412153572336,0.1285024154589372,0.13043478260869565,0.13043478260869565
14,2,75,0.05,0.05,0.14060587515299877,0.14060587515299877,0.12245625857660834,0.14060587515299877,0.12245625857660834,0.2248062015503876,0.2248062015503876,0.26356589147286824,0.2548449612403101,0.2548449612403101
14,2,100,0.05,0.05,0.06288249694002447,0.06288249694002447,0.049335562455673755,0.06288249694002447,0.049335562455673755,0.1044471644226846,0.1044471644226846,0.14922480620155038,0.14244186046511628,0.14244186046511628
14,3,75,0.05,0.05,0.13459963137415523,0.13459963137415523,0.11682707630921148,0.13459963137415523,0.11682707630921148,0.19107106287118575,0.19107106287118575,0.23151750972762647,0.3025291828793774,0.3025291828793774
14,3,100,0.05,0.05,0.057392996108949414,0.057392996108949414,0.04503253602685843,0.057392996108949414,0.04503253602685843,0.09686668031947573,0.09686668031947573,0.14202334630350194,0.13521400778210116,0.13521400778210116
14,4,75,0.05,0.05,0.14091680814940577,0.14091680814940577,0.12389964838865464,0.14091680814940577,0.12389964838865464,0.2138704532592478,0.2138704532592478,0.25317693059628543,0.25513196480938416,0.25513196480938416
14,4,100,0.05,0.05,0.045583166126459844,0.045583166126459844,0.03358099433690946,0.045583166126459844,0.03358099433690946,0.09039460822143333,0.09039460822143333,0.13587487781036167,0.13098729227761485,0.13098729227761485
14,5,75,0.05,0.05,0.12627438803498423,0.12627438803498423,0.11001366983845243,0.12627438803498423,0.11001366983845243,0.19888216115510016,0.19888216115510016,0.23893805309734514,0.255653883972468,0.255653883972468
14,5,100,0.05,0.05,0.04409253221549449,0.04409253221549449,0.033644300961857124,0.04409253221549449,0.033644300961857124,0.09227345650261347,0.09227345650261347,0.1376597836774828,0.12586037364798427,0.12586037364798427
15,1,75,0.05,0.05,0.11304347826086956,0.11304347826086956,0.09848067982371679,0.11304347826086956,0.09848067982371679,0.1955250444952962,0.1955250444952962,0.2357487922705314,0.24830917874396136,0.24830917874396136
15,1,100,0.05,0.05,0.04454614797864226,0.04454614797864226,0.0341254832661205,0.04454614797864226,0.0341254832661205,0.08263412153572336,0.08263412153572336,0.1285024154589372,0.1391304347826087,0.1391304347826087
15,2,75,0.05,0.05,0.14422684618523052,0.14422684618523052,0.12596322236236898,0.14422684618523052,0.12596322236236898,0.2248062015503876,0.2248062015503876,0.26356589147286824,0.26356589147286824,0.26356589147286824
15,2,100,0.05,0.05,0.049877600979192166,0.049877600979192166,0.039976996309251216,0.049877600979192166,0.039976996309251216,0.1044471644226846,0.1044471644226846,0.14922480620155038,0.1182170542635659,0.1182170542635659
15,3,75,0.05,0.05,0.13173254147040753,0.13173254147040753,0.11400715221679147,0.13173254147040753,0.11400715221679147,0.19107106287118575,0.19107106287118575,0.23151750972762647,0.2791828793774319,0.2791828793774319
15,3,100,0.05,0.05,0.05780258038091337,0.05780258038091337,0.04646132762049997,0.05780258038091337,0.04646132762049997,0.09686668031947573,0.09686668031947573,0.14202334630350194,0.12743190661478598,0.12743190661478598
15,4,75,0.05,0.05,0.14210011833101815,0.14210011833101815,0.12466545993736215,0.14210011833101815,0.12466545993736215,0.2138704532592478,0.2138704532592478,0.25317693059628543,0.25219941348973607,0.25219941348973607
15,4,100,0.05,0.05,0.0430622009569378,0.0430622009569378,0.032778191785238574,0.0430622009569378,0.032778191785238574,0.09039460822143333,0.09039460822143333,0.13587487781036167,0.12023460410557185,0.12023460410557185
15,5,75,0.05,0.05,0.12089220100398487,0.12089220100398487,0.10477628600750186,0.12089220100398487,0.10477628600750186,0.19888216115510016,0.19888216115510016,0.23893805309734514,0.25958702064896755,0.25958702064896755
15,5,100,0.05,0.05,0.044196035812244475,0.044196035812244475,0.033028973173011934,0.044196035812244475,0.033028973173011934,0.09227345650261347,0.09227345650261347,0.1376597836774828,0.10422812192723697,0.10422812192723697
16,1,75,0.05,0.05,0.11441647597254005,0.11441647597254005,0.09737612434045513,0.11441647597254005,0.09737612434045513,0.1955250444952962,0.1955250444952962,0.2357487922705314,0.2608695652173913,0.2608695652173913
16,1,100,0.05,0.05,0.04012204424103738,0.04012204424103738,0.030224764142272022,0.04012204424103738,0.030224764142272022,0.08263412153572336,0.08263412153572336,0.1285024154589372,0.12657004830917876,0.12657004830917876
16,2,75,0.05,0.05,0.13219094247246022,0.13219094247246022,0.11514317340708573,0.13219094247246022,0.11514317340708573,0.2248062015503876,0.2248062015503876,0.26356589147286824,0.25968992248062017,0.25968992248062017
16,2,100,0.05,0.05,0.05395756833945328,0.05395756833945328,0.0431485677968213,0.05395756833945328,0.0431485677968213,0.1044471644226846,0.1044471644226846,0.14922480620155038,0.1182170542635659,0.1182170542635659
16,3,75,0.05,0.05,0.13818349375383987,0.13818349375383987,0.12083112915198542,0.13818349375383987,0.12083112915198542,0.19107106287118575,0.19107106287118575,0.23151750972762647,0.2928015564202335,0.2928015564202335
16,3,100,0.05,0.05,0.04725578537784149,0.04725578537784149,0.03709150859912649,0.04725578537784149,0.03709150859912649,0.09686668031947573,0.09686668031947573,0.14202334630350194,0.13326848249027237,0.13326848249027237
16,4,75,0.05,0.05,0.1419457735247209,0.1419457735247209,0.1234678994947727,0.1419457735247209,0.1234678994947727,0.2138704532592478,0.2138704532592478,0.25317693059628543,0.25513196480938416,0.25513196480938416
16,4,100,0.05,0.05,0.04522302824509955,0.04522302824509955,0.035471152593830164,0.04522302824509955,0.035471152593830164,0.09039460822143333,0.09039460822143333,0.13587487781036167,0.11827956989247312,0.11827956989247312
16,5,75,0.05,0.05,0.127982197381359,0.127982197381359,0.10921488283598625,0.127982197381359,0.10921488283598625,0.19888216115510016,0.19888216115510016,0.23893805309734514,0.26253687315634217,0.26253687315634217
16,5,100,0.05,0.05,0.0471976401179941,0.0471976401179941,0.03567709255032148,0.0471976401179941,0.03567709255032148,0.09227345650261347,0.09227345650261347,0.1376597836774828,0.12586037364798427,0.12586037364798427
17,1,75,0.05,0.05,0.12641749300788202,0.12641749300788202,0.10807565423713494,0.12641749300788202,0.10807565423713494,0.1955250444952962,0.1955250444952962,0.2357487922705314,0.28405797101449276,0.28405797101449276
17,1,100,0.05,0.05,0.044800406814136794,0.044800406814136794,0.033904854418731596,0.044800406814136794,0.033904854418731596,0.08263412153572336,0.08263412153572336,0.1285024154589372,0.13429951690821257,0.13429951690821257
17,2,75,0.05,0.05,0.14040187678498572,0.14040187678498572,0.12062788859984647,0.14040187678498572,0.12062788859984647,0.2248062015503876,0.2248062015503876,0.26356589147286824,0.25872093023255816,0.25872093023255816
17,2,100,0.05,0.05,0.059618523051815586,0.059618523051815586,0.04695907481355323,0.059618523051815586,0.04695907481355323,0.1044471644226846,0.1044471644226846,0.14922480620155038,0.14631782945736435,0.14631782945736435
17,3,75,0.05,0.05,0.14110178169158305,0.14110178169158305,0.12492166337057271,0.14110178169158305,0.12492166337057271,0.19107106287118575,0.19107106287118575,0.23151750972762647,0.29571984435797666,0.29571984435797666
17,3,100,0.05,0.05,0.0575465902109359,0.0575465902109359,0.0452842939392678,0.0575465902109359,0.0452842939392678,0.09686668031947573,0.09686668031947573,0.14202334630350194,0.1517509727626459,0.1517509727626459
17,4,75,0.05,0.05,0.1525955651592324,0.1525955651592324,0.12943383803865902,0.1525955651592324,0.12943383803865902,0.2138704532592478,0.2138704532592478,0.25317693059628543,0.2678396871945259,0.2678396871945259
17,4,100,0.05,0.05,0.048309924371044914,0.048309924371044914,0.03897272785272091,0.048309924371044914,0.03897272785272091,0.09039460822143333,0.09039460822143333,0.13587487781036167,0.11827956989247312,0.11827956989247312
17,5,75,0.05,0.05,0.12420431609998447,0.12420431609998447,0.1058475605487391,0.12420431609998447,0.1058475605487391,0.19888216115510016,0.19888216115510016,0.23893805309734514,0.255653883972468,0.255653883972468
17,5,100,0.05,0.05,0.051027273197743625,0.051027273197743625,0.03929385249144991,0.051027273197743625,0.03929385249144991,0.09227345650261347,0.09227345650261347,0.1376597836774828,0.13176007866273354,0.13176007866273354
18,1,75,0.05,0.05,0.11899313501144165,0.11899313501144165,0.1038940993806916,0.11899313501144165,0.1038940993806916,0.1955250444952962,0.1955250444952962,0.2357487922705314,0.27053140096618356,0.27053140096618356
18,1,100,0.05,0.05,0.04734299516908212,0.04734299516908212,0.03632966960832493,0.04734299516908212,0.03632966960832493,0.08263412153572336,0.08263412153572336,0.1285024154589372,0.14396135265700483,0.14396135265700483
18,2,75,0.05,0.05,0.1415748674010608,0.1415748674010608,0.12338327922885886,0.1415748674010608,0.12338327922885886,0.2248062015503876,0.2248062015503876,0.26356589147286824,0.2558139534883721,0.2558139534883721
18,2,100,0.05,0.05,0.06303549571603427,0.06303549571603427,0.05097312807761818,0.06303549571603427,0.05097312807761818,0.1044471644226846,0.1044471644226846,0.14922480620155038,0.13953488372093023,0.13953488372093023
18,3,75,0.05,0.05,0.13726192914192095,0.13726192914192095,0.11913835636897632,0.13726192914192095,0.11913835636897632,0.19107106287118575,0.19107106287118575,0.23151750972762647,0.2908560311284047,0.2908560311284047
18,3,100,0.05,0.05,0.06215441327053041,0.06215441327053041,0.04883100154201287,0.06215441327053041,0.04883100154201287,0.09686668031947573,0.09686668031947573,0.14202334630350194,0.14202334630350194,0.14202334630350194
18,4,75,0.05,0.05,0.14781087616401709,0.14781087616401709,0.12956012627431826,0.14781087616401709,0.12956012627431826,0.2138704532592478,0.2138704532592478,0.25317693059628543,0.26099706744868034,0.26099706744868034
18,4,100,0.05,0.05,0.04584040747028862,0.04584040747028862,0.034567891641631314,0.04584040747028862,0.034567891641631314,0.09039460822143333,0.09039460822143333,0.13587487781036167,0.12609970674486803,0.12609970674486803
18,5,75,0.05,0.05,0.12767168659110903,0.12767168659110903,0.10926509066104526,0.12767168659110903,0.10926509066104526,0.19888216115510016,0.19888216115510016,0.23893805309734514,0.26843657817109146,0.26843657817109146
18,5,100,0.05,0.05,0.049164208456243856,0.049164208456243856,0.03702501471747981,0.049164208456243856,0.03702501471747981,0.09227345650261347,0.09227345650261347,0.1376597836774828,0.127826941986234,0.127826941986234
19,1,75,0.05,0.05,0.11848461734045258,0.11848461734045258,0.10252167100785421,0.11848461734045258,0.10252167100785421,0.1955250444952962,0.1955250444952962,0.2357487922705314,0.2608695652173913,0.2608695652173913
19,1,100,0.05,0.05,0.040681413679125346,0.040681413679125346,0.029612988071695125,0.040681413679125346,0.029612988071695125,0.08263412153572336,0.08263412153572336,0.1285024154589372,0.13526570048309178,0.13526570048309178
19,2,75,0.05,0.05,0.14004487964096288,0.14004487964096288,0.12240513635587094,0.14004487964096288,0.12240513635587094,0.2248062015503876,0.2248062015503876,0.26356589147286824,0.2655038759689923,0.2655038759689923
19,2,100,0.05,0.05,0.05982252141982864,0.05982252141982864,0.048075498615285144,0.05982252141982864,0.048075498615285144,0.1044471644226846,0.1044471644226846,0.14922480620155038,0.14244186046511628,0.14244186046511628
19,3,75,0.05,0.05,0.136442760597993,0.136442760597993,0.11855668461066535,0.136442760597993,0.11855668461066535,0.19107106287118575,0.19107106287118575,0.23151750972762647,0.28696498054474706,0.28696498054474706
19,3,100,0.05,0.05,0.0603112840466926,0.0603112840466926,0.046505887039209035,0.0603112840466926,0.046505887039209035,0.09686668031947573,0.09686668031947573,0.14202334630350194,0.13813229571984437,0.13813229571984437
19,4,75,0.05,0.05,0.14091680814940577,0.14091680814940577,0.12393823004741901,0.14091680814940577,0.12393823004741901,0.2138704532592478,0.2138704532592478,0.25317693059628543,0.25513196480938416,0.25513196480938416
19,4,100,0.05,0.05,0.047075165920666774,0.047075165920666774,0.03671830517844678,0.047075165920666774,0.03671830517844678,0.09039460822143333,0.09039460822143333,0.13587487781036167,0.12218963831867058,0.12218963831867058
19,5,75,0.05,0.05,0.12580862184960928,0.12580862184960928,0.10757179604158293,0.12580862184960928,0.10757179604158293,0.19888216115510016,0.19888216115510016,0.23893805309734514,0.26450344149459193,0.26450344149459193
19,5,100,0.05,0.05,0.04538632717486933,0.04538632717486933,0.03526079924141707,0.04538632717486933,0.03526079924141707,0.09227345650261347,0.09227345650261347,0.1376597836774828,0.12094395280235988,0.12094395280235988
20,1,75,0.05,0.05,0.12163742690058478,0.12163742690058478,0.10708206914361537,0.12163742690058478,0.10708206914361537,0.1955250444952962,0.1955250444952962,0.2357487922705314,0.2782608695652174,0.2782608695652174
20,1,100,0.05,0.05,0.044749555047037884,0.044749555047037884,0.03418854545331857,0.044749555047037884,0.03418854545331857,0.08263412153572336,0.08263412153572336,0.1285024154589372,0.13526570048309178,0.13526570048309178
20,2,75,0.05,0.05,0.1458078335373317,0.1458078335373317,0.12787664284554334,0.1458078335373317,0.12787664284554334,0.2248062015503876,0.2248062015503876,0.26356589147286824,0.27228682170542634,0.27228682170542634
20,2,100,0.05,0.05,0.060077519379844964,0.060077519379844964,0.048467919665278046,0.060077519379844964,0.048467919665278046,0.1044471644226846,0.1044471644226846,0.14922480620155038,0.1375968992248062,0.1375968992248062
20,3,75,0.05,0.05,0.13075977882449313,0.13075977882449313,0.11487378803731166,0.13075977882449313,0.11487378803731166,0.19107106287118575,0.19107106287118575,0.23151750972762647,0.2782101167315175,0.2782101167315175
20,3,100,0.05,0.05,0.06020888797870161,0.06020888797870161,0.048375647429950694,0.06020888797870161,0.048375647429950694,0.09686668031947573,0.09686668031947573,0.14202334630350194,0.14007782101167315,0.14007782101167315
20,4,75,0.05,0.05,0.1423059114060812,0.1423059114060812,0.12629549469227472,0.1423059114060812,0.12629549469227472,0.2138704532592478,0.2138704532592478,0.25317693059628543,0.2482893450635386,0.2482893450635386
20,4,100,0.05,0.05,0.050625096465503935,0.050625096465503935,0.039560227642763186,0.050625096465503935,0.039560227642763186,0.09039460822143333,0.09039460822143333,0.13587487781036167,0.13294232649071358,0.13294232649071358
20,5,75,0.05,0.05,0.12596387724473426,0.12596387724473426,0.10523960342842062,0.12596387724473426,0.10523960342842062,0.19888216115510016,0.19888216115510016,0.23893805309734514,0.2615535889872173,0.2615535889872173
20,5,100,0.05,0.05,0.04362676603011954,0.04362676603011954,0.03264496939651531,0.04362676603011954,0.03264496939651531,0.09227345650261347,0.09227345650261347,0.1376597836774828,0.11504424778761062,0.11504424778761062
