day,feature
1,goal_amount
1,campaign_duration
1,text_length
1,n_caratteri
1,n_parole
1,n_frasi
1,parole_per_frase
1,caratteri_per_parola
1,positive_emotions
1,negative_emotions
1,emotional_balance
1,intensita_emotiva_totale
1,densita_emotiva
1,disaster
1,category_mapBusiness
1,category_mapCommunity
1,category_mapCompetitions
1,category_mapCreative
1,category_mapEducation
1,category_mapEmergencies
1,category_mapEnvironment
1,category_mapEvents
1,category_mapFaith
1,category_mapFamily
1,category_mapFunerals & Memorials
1,category_mapMedical
1,category_mapNon-Profits & Charities
1,category_mapOther
1,"category_mapRent, Food & Monthly Bills"
1,category_mapSports
1,category_mapTravel
1,category_mapVolunteer
1,category_mapWishes
1,goal_category>50K
1,goal_category20K-50K
1,goal_category5K-20K
1,duration_category>90gg
1,duration_category30-60gg
1,duration_category60-90gg
1,pct_goal_cum_d1
1,donors_cum_d1
1,pct_goal_speed
1,donors_speed
2,goal_amount
2,campaign_duration
2,text_length
2,n_caratteri
2,n_parole
2,n_frasi
2,parole_per_frase
2,caratteri_per_parola
2,positive_emotions
2,negative_emotions
2,emotional_balance
2,intensita_emotiva_totale
2,densita_emotiva
2,disaster
2,category_mapBusiness
2,category_mapCommunity
2,category_mapCompetitions
2,category_mapCreative
2,category_mapEducation
2,category_mapEmergencies
2,category_mapEnvironment
2,category_mapEvents
2,category_mapFaith
2,category_mapFamily
2,category_mapFunerals & Memorials
2,category_mapMedical
2,category_mapNon-Profits & Charities
2,category_mapOther
2,"category_mapRent, Food & Monthly Bills"
2,category_mapSports
2,category_mapTravel
2,category_mapVolunteer
2,category_mapWishes
2,goal_category>50K
2,goal_category20K-50K
2,goal_category5K-20K
2,duration_category>90gg
2,duration_category30-60gg
2,duration_category60-90gg
2,pct_goal_cum_d1
2,pct_goal_cum_d2
2,donors_cum_d1
2,donors_cum_d2
2,pct_goal_speed
2,donors_speed
3,goal_amount
3,campaign_duration
3,text_length
3,n_caratteri
3,n_parole
3,n_frasi
3,parole_per_frase
3,caratteri_per_parola
3,positive_emotions
3,negative_emotions
3,emotional_balance
3,intensita_emotiva_totale
3,densita_emotiva
3,disaster
3,category_mapBusiness
3,category_mapCommunity
3,category_mapCompetitions
3,category_mapCreative
3,category_mapEducation
3,category_mapEmergencies
3,category_mapEnvironment
3,category_mapEvents
3,category_mapFaith
3,category_mapFamily
3,category_mapFunerals & Memorials
3,category_mapMedical
3,category_mapNon-Profits & Charities
3,category_mapOther
3,"category_mapRent, Food & Monthly Bills"
3,category_mapSports
3,category_mapTravel
3,category_mapVolunteer
3,category_mapWishes
3,goal_category>50K
3,goal_category20K-50K
3,goal_category5K-20K
3,duration_category>90gg
3,duration_category30-60gg
3,duration_category60-90gg
3,pct_goal_cum_d1
3,pct_goal_cum_d2
3,pct_goal_cum_d3
3,donors_cum_d1
3,donors_cum_d2
3,donors_cum_d3
3,pct_goal_speed
3,donors_speed
4,goal_amount
4,campaign_duration
4,text_length
4,n_caratteri
4,n_parole
4,n_frasi
4,parole_per_frase
4,caratteri_per_parola
4,positive_emotions
4,negative_emotions
4,emotional_balance
4,intensita_emotiva_totale
4,densita_emotiva
4,disaster
4,category_mapBusiness
4,category_mapCommunity
4,category_mapCompetitions
4,category_mapCreative
4,category_mapEducation
4,category_mapEmergencies
4,category_mapEnvironment
4,category_mapEvents
4,category_mapFaith
4,category_mapFamily
4,category_mapFunerals & Memorials
4,category_mapMedical
4,category_mapNon-Profits & Charities
4,category_mapOther
4,"category_mapRent, Food & Monthly Bills"
4,category_mapSports
4,category_mapTravel
4,category_mapVolunteer
4,category_mapWishes
4,goal_category>50K
4,goal_category20K-50K
4,goal_category5K-20K
4,duration_category>90gg
4,duration_category30-60gg
4,duration_category60-90gg
4,pct_goal_cum_d2
4,pct_goal_cum_d3
4,pct_goal_cum_d4
4,donors_cum_d2
4,donors_cum_d3
4,donors_cum_d4
4,pct_goal_speed
4,donors_speed
5,goal_amount
5,campaign_duration
5,text_length
5,n_caratteri
5,n_parole
5,n_frasi
5,parole_per_frase
5,caratteri_per_parola
5,positive_emotions
5,negative_emotions
5,emotional_balance
5,intensita_emotiva_totale
5,densita_emotiva
5,disaster
5,category_mapBusiness
5,category_mapCommunity
5,category_mapCompetitions
5,category_mapCreative
5,category_mapEducation
5,category_mapEmergencies
5,category_mapEnvironment
5,category_mapEvents
5,category_mapFaith
5,category_mapFamily
5,category_mapFunerals & Memorials
5,category_mapMedical
5,category_mapNon-Profits & Charities
5,category_mapOther
5,"category_mapRent, Food & Monthly Bills"
5,category_mapSports
5,category_mapTravel
5,category_mapVolunteer
5,category_mapWishes
5,goal_category>50K
5,goal_category20K-50K
5,goal_category5K-20K
5,duration_category>90gg
5,duration_category30-60gg
5,duration_category60-90gg
5,pct_goal_cum_d3
5,pct_goal_cum_d4
5,pct_goal_cum_d5
5,donors_cum_d3
5,donors_cum_d4
5,donors_cum_d5
5,pct_goal_speed
5,donors_speed
6,goal_amount
6,campaign_duration
6,text_length
6,n_caratteri
6,n_parole
6,n_frasi
6,parole_per_frase
6,caratteri_per_parola
6,positive_emotions
6,negative_emotions
6,emotional_balance
6,intensita_emotiva_totale
6,densita_emotiva
6,disaster
6,category_mapBusiness
6,category_mapCommunity
6,category_mapCompetitions
6,category_mapCreative
6,category_mapEducation
6,category_mapEmergencies
6,category_mapEnvironment
6,category_mapEvents
6,category_mapFaith
6,category_mapFamily
6,category_mapFunerals & Memorials
6,category_mapMedical
6,category_mapNon-Profits & Charities
6,category_mapOther
6,"category_mapRent, Food & Monthly Bills"
6,category_mapSports
6,category_mapTravel
6,category_mapVolunteer
6,category_mapWishes
6,goal_category>50K
6,goal_category20K-50K
6,goal_category5K-20K
6,duration_category>90gg
6,duration_category30-60gg
6,duration_category60-90gg
6,pct_goal_cum_d4
6,pct_goal_cum_d5
6,pct_goal_cum_d6
6,donors_cum_d4
6,donors_cum_d5
6,donors_cum_d6
6,pct_goal_speed
6,donors_speed
7,goal_amount
7,campaign_duration
7,text_length
7,n_caratteri
7,n_parole
7,n_frasi
7,parole_per_frase
7,caratteri_per_parola
7,positive_emotions
7,negative_emotions
7,emotional_balance
7,intensita_emotiva_totale
7,densita_emotiva
7,disaster
7,category_mapBusiness
7,category_mapCommunity
7,category_mapCompetitions
7,category_mapCreative
7,category_mapEducation
7,category_mapEmergencies
7,category_mapEnvironment
7,category_mapEvents
7,category_mapFaith
7,category_mapFamily
7,category_mapFunerals & Memorials
7,category_mapMedical
7,category_mapNon-Profits & Charities
7,category_mapOther
7,"category_mapRent, Food & Monthly Bills"
7,category_mapSports
7,category_mapTravel
7,category_mapVolunteer
7,category_mapWishes
7,goal_category>50K
7,goal_category20K-50K
7,goal_category5K-20K
7,duration_category>90gg
7,duration_category30-60gg
7,duration_category60-90gg
7,pct_goal_cum_d5
7,pct_goal_cum_d6
7,pct_goal_cum_d7
7,donors_cum_d5
7,donors_cum_d6
7,donors_cum_d7
7,pct_goal_speed
7,donors_speed
8,goal_amount
8,campaign_duration
8,text_length
8,n_caratteri
8,n_parole
8,n_frasi
8,parole_per_frase
8,caratteri_per_parola
8,positive_emotions
8,negative_emotions
8,emotional_balance
8,intensita_emotiva_totale
8,densita_emotiva
8,disaster
8,category_mapBusiness
8,category_mapCommunity
8,category_mapCompetitions
8,category_mapCreative
8,category_mapEducation
8,category_mapEmergencies
8,category_mapEnvironment
8,category_mapEvents
8,category_mapFaith
8,category_mapFamily
8,category_mapFunerals & Memorials
8,category_mapMedical
8,category_mapNon-Profits & Charities
8,category_mapOther
8,"category_mapRent, Food & Monthly Bills"
8,category_mapSports
8,category_mapTravel
8,category_mapVolunteer
8,category_mapWishes
8,goal_category>50K
8,goal_category20K-50K
8,goal_category5K-20K
8,duration_category>90gg
8,duration_category30-60gg
8,duration_category60-90gg
8,pct_goal_cum_d6
8,pct_goal_cum_d7
8,pct_goal_cum_d8
8,donors_cum_d6
8,donors_cum_d7
8,donors_cum_d8
8,pct_goal_speed
8,donors_speed
9,goal_amount
9,campaign_duration
9,text_length
9,n_caratteri
9,n_parole
9,n_frasi
9,parole_per_frase
9,caratteri_per_parola
9,positive_emotions
9,negative_emotions
9,emotional_balance
9,intensita_emotiva_totale
9,densita_emotiva
9,disaster
9,category_mapBusiness
9,category_mapCommunity
9,category_mapCompetitions
9,category_mapCreative
9,category_mapEducation
9,category_mapEmergencies
9,category_mapEnvironment
9,category_mapEvents
9,category_mapFaith
9,category_mapFamily
9,category_mapFunerals & Memorials
9,category_mapMedical
9,category_mapNon-Profits & Charities
9,category_mapOther
9,"category_mapRent, Food & Monthly Bills"
9,category_mapSports
9,category_mapTravel
9,category_mapVolunteer
9,category_mapWishes
9,goal_category>50K
9,goal_category20K-50K
9,goal_category5K-20K
9,duration_category>90gg
9,duration_category30-60gg
9,duration_category60-90gg
9,pct_goal_cum_d7
9,pct_goal_cum_d8
9,pct_goal_cum_d9
9,donors_cum_d7
9,donors_cum_d8
9,donors_cum_d9
9,pct_goal_speed
9,donors_speed
10,goal_amount
10,campaign_duration
10,text_length
10,n_caratteri
10,n_parole
10,n_frasi
10,parole_per_frase
10,caratteri_per_parola
10,positive_emotions
10,negative_emotions
10,emotional_balance
10,intensita_emotiva_totale
10,densita_emotiva
10,disaster
10,category_mapBusiness
10,category_mapCommunity
10,category_mapCompetitions
10,category_mapCreative
10,category_mapEducation
10,category_mapEmergencies
10,category_mapEnvironment
10,category_mapEvents
10,category_mapFaith
10,category_mapFamily
10,category_mapFunerals & Memorials
10,category_mapMedical
10,category_mapNon-Profits & Charities
10,category_mapOther
10,"category_mapRent, Food & Monthly Bills"
10,category_mapSports
10,category_mapTravel
10,category_mapVolunteer
10,category_mapWishes
10,goal_category>50K
10,goal_category20K-50K
10,goal_category5K-20K
10,duration_category>90gg
10,duration_category30-60gg
10,duration_category60-90gg
10,pct_goal_cum_d8
10,pct_goal_cum_d9
10,pct_goal_cum_d10
10,donors_cum_d8
10,donors_cum_d9
10,donors_cum_d10
10,pct_goal_speed
10,donors_speed
11,goal_amount
11,campaign_duration
11,text_length
11,n_caratteri
11,n_parole
11,n_frasi
11,parole_per_frase
11,caratteri_per_parola
11,positive_emotions
11,negative_emotions
11,emotional_balance
11,intensita_emotiva_totale
11,densita_emotiva
11,disaster
11,category_mapBusiness
11,category_mapCommunity
11,category_mapCompetitions
11,category_mapCreative
11,category_mapEducation
11,category_mapEmergencies
11,category_mapEnvironment
11,category_mapEvents
11,category_mapFaith
11,category_mapFamily
11,category_mapFunerals & Memorials
11,category_mapMedical
11,category_mapNon-Profits & Charities
11,category_mapOther
11,"category_mapRent, Food & Monthly Bills"
11,category_mapSports
11,category_mapTravel
11,category_mapVolunteer
11,category_mapWishes
11,goal_category>50K
11,goal_category20K-50K
11,goal_category5K-20K
11,duration_category>90gg
11,duration_category30-60gg
11,duration_category60-90gg
11,pct_goal_cum_d9
11,pct_goal_cum_d10
11,pct_goal_cum_d11
11,donors_cum_d9
11,donors_cum_d10
11,donors_cum_d11
11,pct_goal_speed
11,donors_speed
12,goal_amount
12,campaign_duration
12,text_length
12,n_caratteri
12,n_parole
12,n_frasi
12,parole_per_frase
12,caratteri_per_parola
12,positive_emotions
12,negative_emotions
12,emotional_balance
12,intensita_emotiva_totale
12,densita_emotiva
12,disaster
12,category_mapBusiness
12,category_mapCommunity
12,category_mapCompetitions
12,category_mapCreative
12,category_mapEducation
12,category_mapEmergencies
12,category_mapEnvironment
12,category_mapEvents
12,category_mapFaith
12,category_mapFamily
12,category_mapFunerals & Memorials
12,category_mapMedical
12,category_mapNon-Profits & Charities
12,category_mapOther
12,"category_mapRent, Food & Monthly Bills"
12,category_mapSports
12,category_mapTravel
12,category_mapVolunteer
12,category_mapWishes
12,goal_category>50K
12,goal_category20K-50K
12,goal_category5K-20K
12,duration_category>90gg
12,duration_category30-60gg
12,duration_category60-90gg
12,pct_goal_cum_d10
12,pct_goal_cum_d11
12,pct_goal_cum_d12
12,donors_cum_d10
12,donors_cum_d11
12,donors_cum_d12
12,pct_goal_speed
12,donors_speed
13,goal_amount
13,campaign_duration
13,text_length
13,n_caratteri
13,n_parole
13,n_frasi
13,parole_per_frase
13,caratteri_per_parola
13,positive_emotions
13,negative_emotions
13,emotional_balance
13,intensita_emotiva_totale
13,densita_emotiva
13,disaster
13,category_mapBusiness
13,category_mapCommunity
13,category_mapCompetitions
13,category_mapCreative
13,category_mapEducation
13,category_mapEmergencies
13,category_mapEnvironment
13,category_mapEvents
13,category_mapFaith
13,category_mapFamily
13,category_mapFunerals & Memorials
13,category_mapMedical
13,category_mapNon-Profits & Charities
13,category_mapOther
13,"category_mapRent, Food & Monthly Bills"
13,category_mapSports
13,category_mapTravel
13,category_mapVolunteer
13,category_mapWishes
13,goal_category>50K
13,goal_category20K-50K
13,goal_category5K-20K
13,duration_category>90gg
13,duration_category30-60gg
13,duration_category60-90gg
13,pct_goal_cum_d11
13,pct_goal_cum_d12
13,pct_goal_cum_d13
13,donors_cum_d11
13,donors_cum_d12
13,donors_cum_d13
13,pct_goal_speed
13,donors_speed
14,goal_amount
14,campaign_duration
14,text_length
14,n_caratteri
14,n_parole
14,n_frasi
14,parole_per_frase
14,caratteri_per_parola
14,positive_emotions
14,negative_emotions
14,emotional_balance
14,intensita_emotiva_totale
14,densita_emotiva
14,disaster
14,category_mapBusiness
14,category_mapCommunity
14,category_mapCompetitions
14,category_mapCreative
14,category_mapEducation
14,category_mapEmergencies
14,category_mapEnvironment
14,category_mapEvents
14,category_mapFaith
14,category_mapFamily
14,category_mapFunerals & Memorials
14,category_mapMedical
14,category_mapNon-Profits & Charities
14,category_mapOther
14,"category_mapRent, Food & Monthly Bills"
14,category_mapSports
14,category_mapTravel
14,category_mapVolunteer
14,category_mapWishes
14,goal_category>50K
14,goal_category20K-50K
14,goal_category5K-20K
14,duration_category>90gg
14,duration_category30-60gg
14,duration_category60-90gg
14,pct_goal_cum_d12
14,pct_goal_cum_d13
14,pct_goal_cum_d14
14,donors_cum_d12
14,donors_cum_d13
14,donors_cum_d14
14,pct_goal_speed
14,donors_speed
15,goal_amount
15,campaign_duration
15,text_length
15,n_caratteri
15,n_parole
15,n_frasi
15,parole_per_frase
15,caratteri_per_parola
15,positive_emotions
15,negative_emotions
15,emotional_balance
15,intensita_emotiva_totale
15,densita_emotiva
15,disaster
15,category_mapBusiness
15,category_mapCommunity
15,category_mapCompetitions
15,category_mapCreative
15,category_mapEducation
15,category_mapEmergencies
15,category_mapEnvironment
15,category_mapEvents
15,category_mapFaith
15,category_mapFamily
15,category_mapFunerals & Memorials
15,category_mapMedical
15,category_mapNon-Profits & Charities
15,category_mapOther
15,"category_mapRent, Food & Monthly Bills"
15,category_mapSports
15,category_mapTravel
15,category_mapVolunteer
15,category_mapWishes
15,goal_category>50K
15,goal_category20K-50K
15,goal_category5K-20K
15,duration_category>90gg
15,duration_category30-60gg
15,duration_category60-90gg
15,pct_goal_cum_d13
15,pct_goal_cum_d14
15,pct_goal_cum_d15
15,donors_cum_d13
15,donors_cum_d14
15,donors_cum_d15
15,pct_goal_speed
15,donors_speed
16,goal_amount
16,campaign_duration
16,text_length
16,n_caratteri
16,n_parole
16,n_frasi
16,parole_per_frase
16,caratteri_per_parola
16,positive_emotions
16,negative_emotions
16,emotional_balance
16,intensita_emotiva_totale
16,densita_emotiva
16,disaster
16,category_mapBusiness
16,category_mapCommunity
16,category_mapCompetitions
16,category_mapCreative
16,category_mapEducation
16,category_mapEmergencies
16,category_mapEnvironment
16,category_mapEvents
16,category_mapFaith
16,category_mapFamily
16,category_mapFunerals & Memorials
16,category_mapMedical
16,category_mapNon-Profits & Charities
16,category_mapOther
16,"category_mapRent, Food & Monthly Bills"
16,category_mapSports
16,category_mapTravel
16,category_mapVolunteer
16,category_mapWishes
16,goal_category>50K
16,goal_category20K-50K
16,goal_category5K-20K
16,duration_category>90gg
16,duration_category30-60gg
16,duration_category60-90gg
16,pct_goal_cum_d14
16,pct_goal_cum_d15
16,pct_goal_cum_d16
16,donors_cum_d14
16,donors_cum_d15
16,donors_cum_d16
16,pct_goal_speed
16,donors_speed
17,goal_amount
17,campaign_duration
17,text_length
17,n_caratteri
17,n_parole
17,n_frasi
17,parole_per_frase
17,caratteri_per_parola
17,positive_emotions
17,negative_emotions
17,emotional_balance
17,intensita_emotiva_totale
17,densita_emotiva
17,disaster
17,category_mapBusiness
17,category_mapCommunity
17,category_mapCompetitions
17,category_mapCreative
17,category_mapEducation
17,category_mapEmergencies
17,category_mapEnvironment
17,category_mapEvents
17,category_mapFaith
17,category_mapFamily
17,category_mapFunerals & Memorials
17,category_mapMedical
17,category_mapNon-Profits & Charities
17,category_mapOther
17,"category_mapRent, Food & Monthly Bills"
17,category_mapSports
17,category_mapTravel
17,category_mapVolunteer
17,category_mapWishes
17,goal_category>50K
17,goal_category20K-50K
17,goal_category5K-20K
17,duration_category>90gg
17,duration_category30-60gg
17,duration_category60-90gg
17,pct_goal_cum_d15
17,pct_goal_cum_d16
17,pct_goal_cum_d17
17,donors_cum_d15
17,donors_cum_d16
17,donors_cum_d17
17,pct_goal_speed
17,donors_speed
18,goal_amount
18,campaign_duration
18,text_length
18,n_caratteri
18,n_parole
18,n_frasi
18,parole_per_frase
18,caratteri_per_parola
18,positive_emotions
18,negative_emotions
18,emotional_balance
18,intensita_emotiva_totale
18,densita_emotiva
18,disaster
18,category_mapBusiness
18,category_mapCommunity
18,category_mapCompetitions
18,category_mapCreative
18,category_mapEducation
18,category_mapEmergencies
18,category_mapEnvironment
18,category_mapEvents
18,category_mapFaith
18,category_mapFamily
18,category_mapFunerals & Memorials
18,category_mapMedical
18,category_mapNon-Profits & Charities
18,category_mapOther
18,"category_mapRent, Food & Monthly Bills"
18,category_mapSports
18,category_mapTravel
18,category_mapVolunteer
18,category_mapWishes
18,goal_category>50K
18,goal_category20K-50K
18,goal_category5K-20K
18,duration_category>90gg
18,duration_category30-60gg
18,duration_category60-90gg
18,pct_goal_cum_d16
18,pct_goal_cum_d17
18,pct_goal_cum_d18
18,donors_cum_d16
18,donors_cum_d17
18,donors_cum_d18
18,pct_goal_speed
18,donors_speed
19,goal_amount
19,campaign_duration
19,text_length
19,n_caratteri
19,n_parole
19,n_frasi
19,parole_per_frase
19,caratteri_per_parola
19,positive_emotions
19,negative_emotions
19,emotional_balance
19,intensita_emotiva_totale
19,densita_emotiva
19,disaster
19,category_mapBusiness
19,category_mapCommunity
19,category_mapCompetitions
19,category_mapCreative
19,category_mapEducation
19,category_mapEmergencies
19,category_mapEnvironment
19,category_mapEvents
19,category_mapFaith
19,category_mapFamily
19,category_mapFunerals & Memorials
19,category_mapMedical
19,category_mapNon-Profits & Charities
19,category_mapOther
19,"category_mapRent, Food & Monthly Bills"
19,category_mapSports
19,category_mapTravel
19,category_mapVolunteer
19,category_mapWishes
19,goal_category>50K
19,goal_category20K-50K
19,goal_category5K-20K
19,duration_category>90gg
19,duration_category30-60gg
19,duration_category60-90gg
19,pct_goal_cum_d17
19,pct_goal_cum_d18
19,pct_goal_cum_d19
19,donors_cum_d17
19,donors_cum_d18
19,donors_cum_d19
19,pct_goal_speed
19,donors_speed
20,goal_amount
20,campaign_duration
20,text_length
20,n_caratteri
20,n_parole
20,n_frasi
20,parole_per_frase
20,caratteri_per_parola
20,positive_emotions
20,negative_emotions
20,emotional_balance
20,intensita_emotiva_totale
20,densita_emotiva
20,disaster
20,category_mapBusiness
20,category_mapCommunity
20,category_mapCompetitions
20,category_mapCreative
20,category_mapEducation
20,category_mapEmergencies
20,category_mapEnvironment
20,category_mapEvents
20,category_mapFaith
20,category_mapFamily
20,category_mapFunerals & Memorials
20,category_mapMedical
20,category_mapNon-Profits & Charities
20,category_mapOther
20,"category_mapRent, Food & Monthly Bills"
20,category_mapSports
20,category_mapTravel
20,category_mapVolunteer
20,category_mapWishes
20,goal_category>50K
20,goal_category20K-50K
20,goal_category5K-20K
20,duration_category>90gg
20,duration_category30-60gg
20,duration_category60-90gg
20,pct_goal_cum_d18
20,pct_goal_cum_d19
20,pct_goal_cum_d20
20,donors_cum_d18
20,donors_cum_d19
20,donors_cum_d20
20,pct_goal_speed
20,donors_speed
