fold,y_true,prob1
1,0,0.31095674603174595
1,1,0.24241309523809532
1,0,0.0974753968253969
1,0,0.20382142857142851
1,0,0.32656277056277055
1,0,0.19029484126984125
1,0,0.12478333333333347
1,0,0.027717460317460304
1,0,0.3800571428571427
1,0,0.034616269841269844
1,0,0.02133571428571428
1,1,0.23385793650793646
1,1,0.5950444444444443
1,0,0.5335685786435783
1,0,0.031249206349206336
1,0,0.31605039682539693
1,0,0.3302345238095238
1,1,0.185363492063492
1,1,0.3181703102453105
1,1,0.5998952380952378
1,0,0.009521825396825393
1,0,0.39727961760461744
1,0,0.03452619047619047
1,0,0.2953073953823953
1,1,0.2952841269841268
1,1,0.31905461760461734
1,0,0.25262142857142855
1,0,0.06889841269841274
1,1,0.36579087301587293
1,0,0.21919920634920623
1,0,0.20379325396825376
1,0,0.06224166666666668
1,0,0.08846190476190477
1,0,0.22330714285714284
1,0,0.28273618326118327
1,1,0.22166349206349198
1,1,0.33002539682539683
1,0,0.21763253968253962
1,0,0.1016992063492064
1,0,0.25650634920634907
1,0,0.05676825396825398
1,0,0.06462341269841272
1,0,0.09273650793650796
1,0,0.19894404761904752
1,0,0.011374206349206346
1,0,0.006717857142857143
1,0,0.044046428571428584
1,0,0.11847857142857145
1,1,0.9657924603174604
1,1,0.9155865079365081
1,0,0.024019047619047617
1,0,0.13621587301587312
1,0,0.4516261904761905
1,0,0.0013
1,0,0.0024861111111111112
1,0,1.25e-4
1,0,7e-4
1,0,0.04614087301587301
1,1,0.9916099206349204
1,0,5e-4
1,0,0.2296349206349206
1,0,0.0023809523809523807
1,0,0.011152777777777779
1,0,0.024547619047619058
1,0,0.17264999999999997
1,0,0.005078571428571429
1,0,0.004575
1,0,0.010831349206349204
1,0,0.02312777777777778
1,0,0.03291190476190476
1,0,0.01551349206349206
1,0,0.1213607142857143
1,0,0.021331349206349205
1,0,0.044005952380952375
1,0,0.07620515873015873
1,0,0
1,1,0.8758055555555552
1,0,0
1,0,0.0025555555555555553
1,0,0.003794444444444445
1,0,3.0000000000000003e-4
1,0,0.0028785714285714287
1,0,0.0035416666666666665
1,0,0.006361111111111111
1,0,0.0016928571428571427
1,0,0.18383055555555552
1,0,0.0016428571428571427
1,0,5.75e-4
1,0,0.003753968253968254
1,1,0.9675801587301587
1,0,0.015959126984126982
1,0,1.4285714285714284e-4
1,0,0
1,0,0.012533333333333336
1,1,0.9252654761904762
1,0,0.04506825396825397
1,0,0.020637698412698417
1,0,0.009955158730158729
1,1,0.9725857142857143
1,0,0.0034468253968253965
1,1,0.9657607142857146
1,0,0.004694444444444445
1,0,0.013924999999999998
1,0,0
1,0,0.011484523809523809
1,0,0.009966666666666669
1,0,0.10538611111111117
1,0,0.0011
1,0,0.24424444444444451
1,0,0.09119484126984129
1,0,0.006940476190476191
1,1,0.9434095238095236
1,0,0.007951190476190476
1,0,0.025505555555555552
1,0,0.00940952380952381
1,0,0.016133333333333333
1,0,0.5531984126984127
1,0,0.002855555555555555
1,0,0.18171507936507936
1,0,0.013323015873015874
1,0,0
1,0,0.03141309523809523
1,0,0.0013083333333333337
1,0,0.022301984126984125
1,0,0.01511031746031746
1,0,0.15972658730158723
1,0,0.014277777777777776
1,1,0.8338999999999992
1,0,0.1790950937950938
1,0,0.2347087301587304
1,0,0.05694603174603175
1,0,0.0668154761904762
1,0,0.023037698412698412
1,0,0.10447063492063495
1,0,0.11111984126984124
1,0,0.019612698412698415
1,0,0.1249297619047619
1,0,0.012525396825396825
1,0,0.013951190476190475
1,0,0.14409484126984134
1,0,0.09541269841269842
1,0,0.27599642857142853
1,0,0.027046031746031745
1,0,0.24046706349206348
1,0,0.1501484126984127
1,0,0.01396190476190476
1,0,0.1276777777777778
1,0,0.44987142857142853
1,0,0.023418650793650794
1,0,0.010354761904761905
1,0,0.016542460317460317
1,0,0.0792916666666667
1,0,0.09453531746031751
1,0,0.10228888888888886
1,0,0.11898174603174602
1,0,0.01947182539682539
1,0,0.004309523809523809
1,0,0.09027658730158727
1,0,0.018184523809523814
1,0,0.03805079365079364
1,0,0.015571825396825393
1,0,0
1,0,0.06334166666666666
1,1,0.04132579365079364
1,0,0.1480988095238096
1,0,0.016974603174603173
1,1,0.14152063492063496
1,1,0.7410297619047614
1,1,0.990779365079365
1,0,0.03209404761904761
1,0,0.0317984126984127
1,0,0.10284642857142859
1,0,0.06623492063492072
1,0,0.11290873015873018
1,0,0.04511468253968254
1,0,0.02946230158730159
1,0,0.026569444444444448
1,0,0.06934920634920635
1,0,0.030931349206349202
1,0,0.006596428571428572
1,0,0.006222222222222224
1,0,0.017757539682539684
1,0,0.05243888888888888
1,1,0.18731190476190465
1,0,0.19380198412698407
1,0,0.0743309523809524
1,0,0.004785714285714285
1,0,0.04672261904761906
1,0,0.06664087301587301
1,0,1e-4
1,0,0.2157892857142857
1,0,0.09124365079365084
1,0,0.05737142857142859
1,0,0.39304126984126986
1,0,0.07814007936507936
1,0,0.03238809523809524
1,0,0.12923968253968254
1,0,0.07721388888888892
1,0,0.059378968253968246
1,0,0.008308730158730158
1,0,0.12235476190476188
1,0,0.11644325396825399
1,0,0.15144285714285693
1,0,0.97435
1,0,0.16406349206349216
1,0,0.025979761904761905
1,0,0.07856785714285719
1,0,0.08213730158730156
1,0,0.08544523809523813
1,0,0.005930158730158729
1,0,0.11584285714285715
1,0,0.006248809523809524
1,1,0.24451269841269846
1,0,0.010758730158730159
1,0,0.11768293650793646
1,1,0.9836968253968255
1,1,0.10721269841269844
1,1,0.48770674603174613
1,1,0.9908583333333333
1,0,0.01654880952380952
1,0,0.051055158730158735
1,0,0.07131269841269842
1,1,0.9244472222222221
1,0,0.001
1,0,0.015459920634920634
1,0,7.777777777777776e-4
1,0,1.25e-4
1,0,5.555555555555556e-4
1,0,0.22883015873015877
1,0,0.06481190476190475
1,0,0.001
1,0,0.0012678571428571428
1,0,0.00673888888888889
1,0,0
1,1,0.17051269841269837
1,0,0.0018468253968253968
1,0,2.777777777777778e-4
1,0,0.01211785714285714
1,0,2e-4
1,0,1e-4
1,0,0.01566190476190476
1,1,0.9906761904761905
1,0,0.3944055555555556
1,0,0.08232658730158732
1,0,0.001136904761904762
1,0,0.08265277777777776
1,0,0.012083333333333331
1,0,0.01800396825396825
1,0,0.007405952380952381
1,1,0.9330873015873014
1,0,0.001375
1,0,0.003125
1,1,0.24582857142857142
1,0,0.17082023809523814
1,1,0.2201218253968253
1,0,0.0051884920634920634
1,0,0.0016666666666666666
1,0,0.026127380952380944
1,0,0.004097222222222223
1,0,0.012490873015873016
1,1,0.9919583333333334
1,0,0.013095238095238094
1,0,0.002083333333333333
1,0,0.008472222222222221
1,1,0.9913900793650795
1,1,0.9835420634920635
1,1,0.9886071428571428
1,1,0.17710674603174603
1,0,0.03935357142857143
1,0,0.001
1,0,1.25e-4
1,0,0.011019444444444443
1,0,0
1,0,0.07036349206349207
1,1,0.9554714285714287
1,0,0.004512698412698413
1,0,0.008211111111111112
1,0,0.011736507936507936
1,0,0.007759523809523811
1,0,0.007
1,0,1.25e-4
1,0,0
1,1,0.992607142857143
1,0,0
1,0,0.010428174603174602
1,0,0.0509511904761905
1,0,3.333333333333333e-4
1,0,0
1,0,0.002142857142857143
1,0,0.008
1,0,0.05633095238095238
1,0,0
1,0,0
1,0,0.001
1,0,0
1,0,0.002214285714285714
1,0,0.7373115079365078
1,0,0.002
1,0,0
1,0,0.044073015873015875
1,0,0.13121587301587295
1,0,0.10971150793650788
1,0,0.003611111111111111
1,1,0.02862063492063492
1,0,0.02272261904761904
1,0,0.0524936507936508
1,0,0.05033055555555558
1,0,0.001
1,0,0
1,0,0.033864285714285715
1,1,0.98872777777777765
1,1,0.9910333333333334
1,0,0.014082142857142856
1,0,7.666666666666666e-4
1,0,0.001
1,0,0
1,0,1.4285714285714284e-4
1,0,0.001
1,0,0.02468095238095238
1,0,0.05339722222222224
1,0,0.0067
1,0,0
1,0,0
1,0,0.01090079365079365
1,0,0
1,0,0
1,0,0.00686111111111111
1,1,0.21131825396825402
1,0,0.09534603174603178
1,0,0.002883333333333333
1,0,0.02148134920634921
1,0,0.021466666666666665
1,0,0.002
1,0,0.001
1,0,0.049007539682539666
1,0,0.02261587301587301
1,0,0
1,0,0.08856230158730162
1,0,1.111111111111111e-4
1,0,0
1,0,0.002
1,0,0
1,0,0.004611111111111112
1,0,0.001
1,0,0.0011
1,0,0
1,0,0.040955555555555564
1,0,0.00145
1,0,0.0017500000000000003
1,0,0.10496230158730159
1,0,0.002427380952380952
1,1,0.08614444444444444
1,0,0.017856746031746033
1,1,0.17603452380952372
1,0,0.027824206349206345
1,0,0.07900793650793653
1,1,0.9332769841269842
1,0,0.12881150793650803
1,0,0.01731031746031746
1,0,0.001461111111111111
1,0,0.015154365079365077
1,1,0.9890940476190476
1,0,0
1,0,0.06936984126984126
1,1,0.9974833333333334
1,0,0.2316678571428572
1,0,1.6666666666666666e-4
1,0,0
1,0,0.17095992063492058
1,0,0.022293253968253962
1,0,0.011462698412698412
1,0,0
1,0,0.0115515873015873
1,0,0.0015
1,0,0.004671825396825397
1,1,0.9875198412698413
1,1,0.9851313492063493
1,0,0.001565079365079365
1,0,0
1,0,2.4285714285714286e-4
1,0,0.3444603174603172
1,0,0.0011111111111111111
1,0,0.2808611111111109
1,0,0.0066591269841269835
1,0,0.010313492063492063
1,0,0.11422579365079374
1,0,0.24335753968253954
1,0,0.004138888888888889
1,0,0.0021666666666666666
1,0,0.003
1,0,5.833333333333333e-4
1,0,4.2857142857142855e-4
1,0,0.0018833333333333332
1,0,0.1686968253968254
1,0,0.030163888888888886
1,0,0
1,0,0.030621428571428567
1,0,0.009983333333333332
1,0,0.050615873015873045
1,0,0.02817420634920635
1,1,0.9919269841269841
1,0,0
1,0,0.00325
1,0,0
1,1,0.9937948412698412
1,0,0.1186626984126984
1,0,0.016825396825396823
1,0,0.003205952380952381
1,0,0.6209607142857142
1,0,0.08206468253968255
1,1,0.03464841269841269
1,0,7e-4
1,0,0
1,0,0
1,1,0.9910944444444444
1,0,0
1,0,0.0014444444444444444
1,0,0.0071
1,1,0.9911603174603175
1,0,0.024284920634920635
1,0,0.01828015873015873
1,0,0.002142857142857143
1,0,0.002
1,0,0.012336111111111112
1,0,0.09986706349206351
1,0,0.0850896825396826
1,0,0.1653519841269841
1,0,0.0024111111111111113
1,1,0.9778940476190475
1,0,0.025546031746031744
1,1,0.7211380952380948
1,0,5e-4
1,0,0.02681507936507936
1,0,0.004647222222222222
1,0,0.1092575396825397
1,0,1.111111111111111e-4
1,0,0.012698412698412698
1,0,3.333333333333333e-4
1,0,0
1,0,0.001
1,0,0.0015555555555555557
1,0,0.05806865079365081
1,0,0
1,0,0
1,0,0.0391281746031746
1,0,0.08685079365079368
1,0,0.024008730158730153
1,0,0
1,0,0.00125
1,0,0
1,0,0.001
1,0,0
1,0,0.0012857142857142856
1,0,0.0061571428571428576
1,0,0.3683353174603175
1,0,1e-4
1,0,0.014758333333333335
1,0,0
1,0,0
1,0,0.0042361111111111115
1,0,9.583333333333333e-4
1,0,0.0025
1,0,0.001
1,0,1.25e-4
1,1,0.9902432539682543
1,0,0.0730039682539683
1,0,0.02750674603174603
1,0,0.0405829365079365
1,1,0.16465198412698398
1,0,0.030863888888888885
1,0,0.0014666666666666667
1,0,5e-4
1,0,0.0239797619047619
1,0,0.014241269841269841
1,0,0.03218650793650794
1,1,0.36338611111111113
1,0,0.07735674603174603
1,0,0.005208333333333333
1,0,3.333333333333333e-4
1,0,0.0030833333333333333
1,0,0.0022357142857142858
1,0,0.11448492063492063
1,0,0.03831190476190476
1,0,0.002
1,0,0.009091666666666665
1,0,0.00894484126984127
1,0,0.17117579365079355
1,0,0
1,0,0
1,1,0.987197619047619
1,0,0
1,0,2e-4
1,0,0.005211111111111112
1,0,0.012007936507936506
1,1,0.34107261904761876
1,0,3.333333333333333e-4
1,0,0
1,0,5.714285714285714e-4
1,0,0.07875753968253972
1,0,0.01567301587301587
1,0,0.0798730158730159
1,0,0.14230357142857145
1,0,0.09551309523809529
1,0,0.01663849206349206
1,0,0.07998650793650798
1,0,0.003980555555555555
1,0,0.1259011904761905
1,0,0
1,0,0.005
1,0,9.638888888888888e-4
1,0,1.4285714285714284e-4
1,0,0
1,0,0.031223412698412698
1,0,0.002705952380952381
1,0,0.11036706349206353
1,0,0.172186507936508
1,1,0.03943571428571428
1,1,0.9300638888888887
1,0,0.03938015873015873
1,0,0.24246666666666664
1,0,0.007271825396825396
1,0,0.04641428571428573
1,0,0.0016
1,1,0.9858599206349209
1,0,0.2209011904761905
1,0,1.6666666666666666e-4
1,1,0.28455753968253983
1,1,0.9658515873015873
1,0,0.04338253968253968
1,1,0.9883805555555556
1,0,0.18740674603174606
1,0,0.011476190476190477
1,0,0.024197619047619048
1,0,0.014778571428571427
1,0,0.029569444444444447
1,0,0.0024583333333333336
1,0,0.32395753968253965
1,1,0.9612095238095238
1,1,0.9758666666666668
1,0,0.014375793650793648
1,0,0.020948015873015875
1,0,0
1,0,0.002
1,0,2.5e-4
1,1,0.5089694444444445
1,1,0.4907996031746032
1,1,0.9830380952380953
1,0,0.05152698412698411
1,0,0
1,0,0.11812619047619048
1,0,0.04322460317460317
1,0,0.0014166666666666668
1,0,0.0012
1,0,0.011234920634920634
1,1,0.010309523809523807
1,0,0.012924206349206347
1,0,0.005533730158730158
1,0,0.14434642857142851
1,0,0
1,0,0
1,0,0.03644404761904762
1,0,0.18543571428571418
1,0,0.0019916666666666668
1,0,0.0016666666666666666
1,0,0.21290793650793668
1,0,0.020317063492063494
1,0,0.01001388888888889
1,0,0.005619047619047619
1,0,0.008567063492063492
1,0,0.0802496031746032
1,0,0.09219365079365072
1,1,0.11472619047619045
1,0,0.0028055555555555555
1,0,0.0055912698412698405
1,0,1e-4
1,0,0.06611785714285714
1,0,0.05666984126984128
1,0,2.5e-4
1,0,0.3111432539682538
1,0,0.13019126984126983
1,0,0.13329841269841267
1,1,0.9906686507936506
1,0,0.0014285714285714284
1,0,0.005269444444444444
1,0,0.0012749999999999999
1,0,0
1,0,0.002876984126984127
1,0,0.08062063492063494
1,0,1e-4
1,0,4.111111111111111e-4
1,0,0.0018444444444444446
1,0,0.00125
1,0,0.0018361111111111113
1,0,0.0030777777777777774
1,0,0.004435714285714286
1,0,0.16503373015873016
1,0,0
1,0,0.0033857142857142857
1,0,0.003878571428571429
1,0,0
1,0,0.10683611111111112
1,0,0.003010714285714286
1,0,0.050410317460317475
1,1,0.19728412698412698
1,0,0.09631706349206348
1,0,3.75e-4
1,0,0
1,0,0.0012761904761904761
1,0,0.0032222222222222222
1,0,0.0274484126984127
1,0,0
1,0,0.0013333333333333333
1,0,0
1,0,0.04034047619047619
1,0,0.00925
1,0,0.009472222222222222
1,0,0
1,1,0.0023055555555555555
1,1,0.995129761904762
1,0,0.011834523809523809
1,0,0.06673134920634921
1,1,0.05038412698412699
1,0,5e-4
1,0,1.111111111111111e-4
1,0,0.010949206349206349
1,0,0.0032956349206349203
1,1,0.4529634920634918
1,0,0.018675396825396824
1,0,6.111111111111112e-4
1,0,0
1,0,0
1,0,0.001
1,0,0
1,0,0.08573888888888885
1,0,0.004117857142857143
1,0,0.03946507936507936
1,1,0.985786111111111
1,0,0.028315079365079373
1,1,0.9768206349206351
1,0,0
1,0,0.0034067460317460316
1,0,0.12985674603174602
1,0,0.004461904761904762
1,0,0.18227936507936512
1,0,0.15489484126984132
1,0,0.07052936507936508
1,0,0.047458333333333345
1,0,0.03287380952380953
1,0,0.013031746031746028
1,0,0.015766269841269838
1,0,0
1,0,0.06438452380952384
1,0,3.111111111111111e-4
1,0,0.30655357142857154
1,0,0
1,0,0.03340674603174603
1,1,0.9550869047619048
1,0,0.5159412698412695
1,0,0.015198412698412697
1,0,0.013986111111111109
1,0,0.0018095238095238095
1,0,0.042618253968253965
1,0,0.026598809523809525
1,1,0.9384158730158731
1,0,0.018608730158730158
1,0,0.0012678571428571428
1,0,0.0027380952380952383
1,0,0.0422484126984127
1,1,0.964684523809524
1,0,0
1,0,0.007547619047619047
1,0,0.021719444444444447
1,0,0.04949206349206351
1,0,0.07357500000000002
1,0,0.2668309523809522
1,0,0.021952777777777772
1,0,0.07131230158730159
1,0,0.0065440476190476195
1,0,6e-4
1,0,0.00135
1,0,0.03363690476190476
1,0,0.03283293650793651
1,0,0.0013333333333333335
1,0,0.004
1,0,0.0035892857142857146
1,0,0
1,0,0.22636865079365084
1,0,0.005428571428571428
1,1,0.9951722222222222
1,0,0.004291666666666666
1,0,0.0035833333333333333
1,0,0
1,0,0.02166468253968254
1,1,0.9839932539682541
1,0,8.777777777777778e-4
1,0,0.005819047619047618
1,1,0.2301130952380951
1,0,3.333333333333333e-4
1,0,0.073618253968254
1,1,0.9802460317460315
1,0,0.07853095238095241
1,0,0.014099999999999998
1,0,0.023114682539682532
1,1,0.979129365079365
1,0,6e-4
1,1,0.9115531746031746
1,0,0.0019638888888888887
1,0,0.025035714285714283
1,0,0.07623968253968257
1,0,8.611111111111112e-4
1,0,0.012940079365079364
1,1,0.9606515873015871
1,0,0.0039595238095238095
1,0,0.016386507936507935
1,0,0.055634523809523835
1,0,0.0031007936507936504
1,0,0.15777936507936505
1,0,0.0031583333333333333
1,0,0.16509206349206337
1,0,0
1,1,0.9895575396825397
1,0,0.09181111111111116
1,0,0.09790436507936509
1,0,0.10313968253968257
1,0,0.13978849206349214
1,0,0.07694960317460317
1,0,0.25965039682539687
1,0,0
1,0,0.11996190476190477
1,0,0.09478055555555559
1,0,0.023941269841269843
1,0,0.006986507936507936
1,0,0.03247261904761904
1,0,0.38689246031746033
1,0,0.017003968253968254
1,0,0.266122619047619
1,1,0.9457253968253967
1,0,0.06777460317460318
1,0,0.2840626984126983
1,0,0.01800714285714286
1,1,0.9502337301587299
1,0,0.0018444444444444446
1,1,0.46412817460317457
1,0,0.001
1,0,0.002
1,0,0.0685146825396826
1,0,0.01311904761904762
1,0,0.21972499999999995
1,1,0.9329940476190476
1,1,0.9103190476190474
1,0,0.0029047619047619048
1,0,0.061456746031746036
1,0,0.013382539682539682
1,0,0.014009523809523809
1,0,0.0024345238095238096
1,0,0.0075
1,0,0.013073015873015872
1,0,0.17963730158730173
1,0,0.0635718253968254
1,0,0.006612301587301588
1,0,0.05928888888888889
1,0,0.024647619047619047
1,0,0.03161785714285714
1,0,0.09437817460317459
1,0,0.06884960317460317
1,0,0.003875
1,1,0.043211111111111124
1,0,0.08463134920634921
1,0,0.12538015873015873
1,0,0.6751940476190472
1,0,0.15578333333333344
1,0,0.002
1,0,0.004311111111111111
1,1,0.15531031746031734
1,0,0.0025
1,0,0.05874246031746032
1,0,0.10741825396825401
1,1,0.7082916666666669
1,0,0.004849999999999999
1,0,0.04785555555555555
1,0,0.09023571428571434
1,0,0.060344841269841284
1,0,0.004717857142857143
1,0,0.0028210317460317462
1,0,0.021498809523809517
1,0,0.15048015873015877
1,0,1e-4
1,0,0.008234126984126983
1,0,0.05688095238095238
1,0,0.01556984126984127
1,0,0.007344047619047618
1,0,0.167102380952381
1,0,0.09544603174603175
1,0,0.002214285714285714
1,0,0.03651507936507936
1,0,0.05081428571428572
1,1,0.4923809523809521
1,0,0.0030416666666666665
1,0,0.17104484126984135
1,0,0.002105952380952381
1,0,0.003202380952380952
1,0,0.1284452380952381
1,0,0.125795634920635
1,0,0.006027380952380953
1,1,0.8823968253968256
1,0,0.085377380952381
1,1,0.9248579365079364
1,0,0.008194444444444445
1,0,0.1428861111111111
1,0,0.2811222222222221
1,1,0.03441626984126984
1,0,0.04893412698412698
1,0,2.857142857142857e-4
1,1,0.15589682539682537
1,0,0.06186825396825398
1,0,0.04007777777777779
1,0,0.040768650793650794
1,0,0.007997222222222222
1,0,0.01013452380952381
1,0,0.16237619047619045
1,0,0.18211269841269834
1,0,0.18750515873015883
1,0,0.03035595238095237
2,0,0.4236444444444445
2,0,0.5057954146730462
2,0,0.132270634920635
2,1,0.20086388888888884
2,1,0.2377323194349509
2,0,0.35835890673653864
2,0,0.3150119047619049
2,0,0.05330238095238095
2,0,0.450718827371459
2,0,0.15245714285714287
2,1,0.2238512949039265
2,1,0.18952676387939538
2,0,0.5024599206349206
2,0,0.10243452380952373
2,1,0.38098611111111114
2,1,0.11447658730158733
2,0,0.09563690476190476
2,0,0.13507857142857144
2,0,0.05477857142857143
2,0,0.3321670634920637
2,0,0.20031944444444452
2,0,0.3683309523809526
2,0,0.031346428571428574
2,0,0.07978690476190475
2,1,0.21927063492063492
2,0,0.2322896825396824
2,0,0.19885555555555548
2,0,0.14067222222222223
2,0,0.03653928571428572
2,0,0.14246865079365065
2,0,0.04511031746031747
2,0,0.02608095238095237
2,0,0.009149603174603171
2,0,0.2656547619047619
2,0,0.07606666666666664
2,0,0.03842936507936508
2,0,0.005487301587301587
2,0,0.0018611111111111111
2,0,0.0014166666666666666
2,0,0.015998809523809523
2,0,0.014413492063492062
2,0,0.052275
2,0,0.03168730158730158
2,1,0.9801900793650794
2,1,0.9649345238095237
2,0,0.10693373015873019
2,0,0.0031111111111111114
2,0,0.12384801587301585
2,0,0.04963968253968254
2,0,0.061355555555555566
2,0,0.018180555555555557
2,0,0.00574563492063492
2,0,0.009850396825396826
2,1,0.11480873015873012
2,0,0.01866428571428571
2,0,0
2,0,0.0016428571428571427
2,0,0.11185317460317461
2,0,0.010153571428571428
2,1,0.42855396825396797
2,0,0.07197817460317463
2,0,0
2,0,0.17230952380952383
2,0,0.06329722222222221
2,0,0.010272222222222219
2,0,0.09251428571428572
2,0,0.006400793650793651
2,0,0.09431944444444448
2,0,0.002625
2,0,0.07024880952380952
2,1,0.30140277777777774
2,0,0
2,0,3.333333333333333e-4
2,0,0.007216666666666666
2,0,0.029832539682539683
2,0,0.004506746031746031
2,0,0.0024583333333333336
2,0,0.008151190476190475
2,0,0.010825000000000001
2,1,0.9774452380952379
2,0,0.004125
2,0,0.019702777777777777
2,0,0.006232936507936508
2,0,0.22841349206349196
2,1,0.8040892857142857
2,0,0.31951150793650823
2,0,0.036265476190476195
2,0,0.002
2,0,0.15443611111111114
2,1,0.9780146825396825
2,0,0.1030333333333334
2,0,0.0025833333333333333
2,1,0.9975194444444443
2,0,0.9803567460317459
2,0,0.00959285714285714
2,0,0.014932936507936504
2,0,0.02998611111111111
2,0,0.001257142857142857
2,0,0.004990079365079366
2,0,0.005151190476190476
2,0,0.004772222222222221
2,0,0.005125
2,0,1.25e-4
2,0,0.0018333333333333333
2,0,0.0024095238095238093
2,0,0.1418924603174603
2,0,0
2,0,0.001
2,0,0.03280357142857141
2,0,0
2,0,0.0546404761904762
2,0,0.005632539682539682
2,0,0.06130992063492061
2,0,0.008621825396825395
2,0,0.0023857142857142857
2,0,0.006541666666666666
2,0,0.21984325396825385
2,1,0.12159047619047618
2,0,0.04418293650793652
2,0,0.3314456349206348
2,0,0.0578309523809524
2,0,0.00998690476190476
2,0,0.008722222222222221
2,1,0.02989603174603175
2,0,0.10804682539682549
2,0,0.09776111111111112
2,1,0.33256190476190467
2,0,0.27286150793650793
2,0,0.16149563492063487
2,0,0.045112301587301604
2,0,0.14658015873015878
2,0,0.002
2,0,0.04769761904761906
2,0,0.06884642857142859
2,0,0.036925793650793653
2,0,0.06516984126984131
2,0,0.008457539682539683
2,1,0.05052698412698413
2,0,0.08795952380952385
2,0,0.02720357142857143
2,0,0.017631349206349203
2,1,0.9723408730158728
2,0,0.16958571428571423
2,0,0.008002777777777779
2,1,0.4071178571428572
2,0,0.001
2,0,0.07155357142857144
2,0,0.06126269841269843
2,0,0.10811111111111113
2,0,0.011196031746031747
2,0,0.049987698412698435
2,0,0.04624960317460318
2,1,0.2357619047619047
2,1,0.9887035714285716
2,0,0.008883333333333333
2,0,0.23092619047619045
2,1,0.997595238095238
2,0,0
2,0,0.03100634920634921
2,0,0.03678253968253969
2,0,0.18222341269841258
2,0,2.5e-4
2,0,0.14802976190476203
2,1,0.9916948412698413
2,0,0.2238329365079365
2,0,0.02549206349206349
2,0,0.06867222222222223
2,0,0.0944031746031746
2,0,0.09784126984126985
2,0,0.10347261904761906
2,0,0.0011
2,0,0.06215277777777779
2,0,0.07261785714285719
2,0,0.004838095238095238
2,0,0.003991666666666667
2,0,0.14510317460317468
2,0,0.02578730158730158
2,0,0.002
2,0,0.1291817460317461
2,0,0.13638134920634915
2,0,0.05236904761904763
2,0,0.08009880952380954
2,0,0.3732666666666667
2,0,0.3270507936507936
2,1,0.9652511904761905
2,1,0.9847519841269841
2,1,0.2734384920634919
2,0,0.0414654761904762
2,0,0.19305396825396817
2,0,0.03885793650793651
2,0,0.007751190476190476
2,0,0.2177753968253967
2,0,0.09877817460317456
2,0,0.07350674603174602
2,0,0.18222182539682535
2,0,0.1118801587301588
2,0,0.11548571428571432
2,0,0.01017579365079365
2,1,0.9823253968253969
2,0,0.221115873015873
2,0,0.054775793650793665
2,0,0.1682960317460317
2,0,0.0047
2,0,0.3234948412698413
2,0,0.2176781746031746
2,0,0.0665357142857143
2,0,0.3928031746031746
2,0,0.1588900793650795
2,0,0.07106349206349208
2,0,0.010055555555555554
2,1,0.9820559523809523
2,1,0.11849880952380944
2,0,0.012333730158730157
2,0,0.0015555555555555557
2,0,0.0759277777777778
2,0,0.05446388888888889
2,0,0.09911904761904765
2,0,0.08597976190476196
2,0,0.0032976190476190475
2,0,7.5e-4
2,1,0.9951777777777777
2,0,7.222222222222222e-4
2,0,0.3006257936507935
2,0,0.0015
2,0,0.015647619047619046
2,0,0
2,0,0
2,0,0
2,0,0.001
2,0,0
2,0,5.555555555555556e-4
2,0,0.0017857142857142857
2,0,0.022941666666666662
2,0,0.001
2,0,0.02042222222222222
2,0,0.004803571428571429
2,0,0.020829761904761903
2,0,0
2,0,0.030524999999999997
2,0,0.14274642857142855
2,1,0.9877333333333332
2,1,0.9865813492063492
2,0,0.001692857142857143
2,0,0.0016
2,0,0.14575079365079363
2,0,0.013099999999999999
2,0,0
2,0,0.5681075396825401
2,0,0.005
2,0,0.003
2,0,0.002656746031746032
2,0,0.010126984126984127
2,1,0.155490873015873
2,0,0.13582341269841283
2,1,0.9958357142857143
2,0,0.0042944444444444445
2,0,0.0017714285714285714
2,0,0.05387380952380951
2,0,0
2,0,0
2,0,0
2,0,0.009156349206349206
2,0,0.018321825396825395
2,1,0.9920063492063492
2,0,0.006689285714285715
2,0,0.0018952380952380952
2,0,0.018368650793650795
2,0,0.00225
2,0,0
2,0,0.001138888888888889
2,0,0
2,1,0.9945583333333334
2,0,0.004027777777777778
2,0,0.019728968253968252
2,0,0.030354365079365078
2,0,0
2,0,0.09393293650793652
2,0,0.02217619047619048
2,1,0.04519365079365078
2,0,0.0089484126984127
2,0,0.005577777777777776
2,0,3.333333333333333e-4
2,0,0
2,0,0.0016111111111111111
2,1,0.030299206349206347
2,0,0.03515119047619049
2,0,0.003657142857142857
2,0,5.5e-4
2,0,0.01229126984126984
2,0,0.023798015873015874
2,0,0.027965873015873007
2,0,0.020421031746031746
2,0,0.0044746031746031745
2,0,0.00883611111111111
2,0,0
2,1,0.9794742063492063
2,0,0.019072222222222223
2,0,0
2,1,0.9467563492063491
2,0,0
2,0,0.004077777777777777
2,0,0
2,0,0.016354365079365076
2,0,6.666666666666666e-4
2,1,0.988745238095238
2,0,0.22221388888888882
2,0,0.09541666666666666
2,0,0.0025595238095238093
2,0,0
2,0,0.002758730158730159
2,0,0.09936626984126985
2,0,0.006274999999999999
2,0,0
2,0,4.111111111111111e-4
2,0,8e-4
2,0,0.006427380952380952
2,0,0
2,0,3.333333333333333e-4
2,0,0.007345238095238095
2,0,0.002
2,0,0.0034416666666666662
2,0,0
2,0,0
2,0,0.020752777777777776
2,0,0.0036345238095238093
2,0,2.6785714285714287e-4
2,0,1.6666666666666666e-4
2,0,0.04907857142857142
2,1,0.9661281746031747
2,0,0.0015535714285714287
2,0,0.022700396825396825
2,0,7.5e-4
2,0,0
2,0,0.006342857142857142
2,0,7.666666666666666e-4
2,1,0.996007142857143
2,0,0.00385
2,0,0.003772222222222222
2,0,0
2,0,0.16603373015873019
2,1,0.9863257936507936
2,0,0.21316269841269822
2,0,0.1516242063492063
2,1,0.1329119047619048
2,0,0.17291626984126973
2,0,0.06635753968253971
2,0,0.006256349206349206
2,0,0.03876468253968254
2,0,0.07548888888888892
2,0,0.01963571428571428
2,0,0.002625
2,0,0.0019523809523809526
2,0,0.007363095238095238
2,0,0.011322222222222223
2,0,0.019423015873015873
2,0,0.09856230158730163
2,0,0.08703888888888893
2,0,0.005076190476190477
2,0,0.0017
2,1,0.435884126984127
2,0,0
2,0,0.007530158730158729
2,0,0.005009523809523809
2,0,9.75e-4
2,0,0.0014694444444444442
2,0,0.00275
2,0,0
2,0,7.202380952380952e-4
2,0,0.1039900793650794
2,0,3.75e-4
2,0,0.002353968253968254
2,0,3.333333333333333e-4
2,0,1.4285714285714284e-4
2,0,0
2,0,0.0021111111111111113
2,0,0.07320158730158732
2,0,0.039784126984126984
2,0,0
2,0,0.0021666666666666666
2,0,5e-4
2,0,0.048589682539682544
2,1,0.5893630952380948
2,0,0.02501547619047619
2,0,0.001
2,0,0.004228571428571429
2,0,0.0019285714285714286
2,0,8.035714285714286e-4
2,0,0.003969444444444445
2,0,0
2,0,1.111111111111111e-4
2,0,0.003
2,1,0.9921710317460317
2,0,0
2,0,0
2,0,0.0027166666666666667
2,0,0.00859801587301587
2,0,0.0011111111111111111
2,0,0.12233611111111106
2,0,0.0013333333333333333
2,0,0.004705952380952381
2,1,0.9954761904761904
2,0,0.0017
2,0,0
2,0,0.02047261904761905
2,0,0
2,0,0.012516666666666666
2,0,0.0047
2,0,2e-4
2,0,0.01933769841269841
2,0,0
2,0,8e-4
2,0,0.04181230158730159
2,1,0.1078095238095238
2,0,0.02177857142857143
2,0,0.0031063492063492064
2,0,0.07135714285714286
2,0,8.678571428571428e-4
2,0,0.1678055555555555
2,0,0.10332261904761902
2,0,0
2,0,4.2857142857142855e-4
2,1,0.319098015873016
2,0,8.75e-4
2,0,6.666666666666666e-4
2,1,0.9939626984126984
2,0,0
2,0,0.001
2,0,0.0028234126984126987
2,0,0.0019333333333333333
2,0,0
2,0,0
2,1,0.9977857142857143
2,0,0
2,0,0
2,1,0.992568253968254
2,0,0.14377380952380955
2,0,0.007094444444444443
2,0,0.08839365079365083
2,1,0.9959416666666666
2,0,0.07827936507936509
2,1,0.9435734126984124
2,0,0.1006873015873016
2,0,0.030663095238095236
2,0,0.010875
2,1,0.9637484126984126
2,0,0
2,1,0.9869055555555556
2,0,0.015447222222222223
2,0,0.007152777777777778
2,0,0.00455
2,0,0.0066309523809523815
2,0,0
2,0,0.011253968253968252
2,0,0.13365595238095235
2,0,0.6015920634920636
2,1,0.028255555555555558
2,0,0.004838492063492064
2,0,3.333333333333333e-4
2,0,0.042844444444444456
2,0,0
2,0,0.004642857142857143
2,0,0
2,0,0.03542222222222223
2,0,0.3008047619047616
2,0,0.0808468253968254
2,0,0.001
2,0,0
2,1,0.9925960317460318
2,0,0.001375
2,0,0.8642031746031743
2,0,0
2,0,0.004313095238095238
2,0,0.026430555555555554
2,0,0.037693253968253966
2,0,0.1728980158730157
2,0,1e-4
2,0,0
2,0,0
2,0,0.04750039682539684
2,0,0.001
2,0,0.024226190476190478
2,0,0
2,0,0.0018432539682539683
2,0,0.4583797619047618
2,0,0.0012222222222222224
2,0,5.428571428571429e-4
2,0,5.555555555555556e-4
2,1,0.4988107142857144
2,0,0
2,0,0.0074047619047619044
2,0,0.00336984126984127
2,0,5e-4
2,0,0.0012857142857142856
2,0,0.0012666666666666668
2,1,0.9932234126984126
2,0,0
2,0,0.007083333333333334
2,0,0
2,0,0.008867063492063494
2,1,0.9887277777777779
2,0,2.5e-4
2,0,0.006906349206349206
2,0,0.019843650793650795
2,0,0.03215753968253968
2,0,0
2,0,0
2,0,0.01947063492063492
2,0,0.0011428571428571427
2,0,0.001
2,0,0
2,0,0.010501190476190476
2,0,0
2,0,0.001086111111111111
2,0,3.333333333333333e-4
2,0,0.006678968253968253
2,0,6.333333333333333e-4
2,0,0
2,1,0.3816476190476189
2,1,0.11181904761904761
2,1,0.535215873015873
2,0,0.003726190476190476
2,0,0.003922619047619048
2,0,0.0095
2,0,0.005657936507936508
2,0,0.001
2,0,0.006311111111111112
2,0,0.009051190476190477
2,0,0.0031492063492063495
2,0,0.051451190476190505
2,0,0.040289285714285715
2,0,0.10075595238095239
2,0,0.10836309523809526
2,0,0.002
2,0,0
2,0,0.04161190476190477
2,0,0.004183333333333333
2,0,0
2,1,0.08316428571428576
2,0,0.0011111111111111111
2,0,0.003908333333333333
2,0,0.04974960317460319
2,0,0.007434920634920634
2,0,0.24594365079365066
2,0,0.009639682539682538
2,0,0
2,0,0.0022
2,0,0.002333333333333333
2,0,0.04890595238095238
2,0,0.17941349206349216
2,0,0.002841269841269841
2,0,0.016668253968253964
2,0,0.028744841269841274
2,0,0.1291884920634921
2,1,0.9882952380952381
2,1,0.9922666666666666
2,0,0
2,0,0.34705793650793654
2,0,0.029102777777777776
2,0,0.04012420634920635
2,0,0.04965992063492067
2,0,0.017461904761904755
2,0,0.5041654761904765
2,0,0.047294047619047624
2,0,0.009801190476190477
2,0,0.15471547619047618
2,0,0.002
2,0,0.001
2,0,0.0018
2,0,5e-4
2,0,0.0011817460317460318
2,0,0.003518650793650793
2,0,0.12161865079365089
2,1,0.43626468253968254
2,0,0.07756230158730161
2,0,0.12484563492063493
2,0,0.2821626984126986
2,0,0.007326190476190476
2,1,0.9983809523809523
2,1,0.6795992063492061
2,1,0.9887250000000001
2,0,0.003875
2,1,0.2620107142857142
2,1,0.9786682539682541
2,0,0.012122222222222223
2,0,0.0012
2,0,0.02446190476190476
2,0,0.002333333333333333
2,0,0.009768650793650795
2,1,0.9947742063492063
2,0,0
2,0,0.050411507936507956
2,1,0.9870884920634921
2,1,0.9517242063492063
2,0,0.0013095238095238095
2,0,0.007722222222222222
2,0,0
2,0,0
2,0,0.012015079365079366
2,0,0
2,0,0.0015
2,0,0
2,0,0
2,0,0.0136281746031746
2,0,0
2,1,0.962882142857143
2,0,0.004166666666666666
2,1,0.040864285714285714
2,0,5e-4
2,0,0.021508730158730158
2,0,0.00983015873015873
2,0,0
2,0,0.055830952380952405
2,0,4.2857142857142855e-4
2,0,0.01735515873015873
2,0,5e-4
2,0,0.0015595238095238095
2,0,5e-4
2,1,0.5204603174603174
2,0,0.0022555555555555554
2,0,0
2,1,0.9855492063492063
2,0,0.0034178571428571426
2,0,0.002357142857142857
2,0,0.013051587301587302
2,0,0.04613849206349209
2,0,0.03676785714285715
2,0,0.3200765873015874
2,0,0.038350000000000016
2,1,0.4522833333333334
2,0,6.761904761904763e-4
2,0,0.0029000000000000002
2,0,0.47446309523809505
2,0,0.038797222222222226
2,0,0.012717063492063491
2,0,0
2,1,0.9885134920634921
2,0,0
2,0,0.0025
2,0,4e-4
2,0,3.333333333333333e-4
2,1,0.008756349206349207
2,0,0.0607345238095238
2,0,0.001566666666666667
2,0,0.19146944444444447
2,0,0.04710952380952382
2,0,0.037459126984126984
2,0,0.0070492063492063484
2,0,0.027398809523809523
2,1,0.12761269841269846
2,0,0.1727599206349205
2,0,0.001839285714285714
2,0,0.08022936507936511
2,0,0.2755555555555557
2,1,0.9886888888888887
2,0,0
2,0,0.023699206349206345
2,0,0.03239206349206349
2,0,0.001
2,0,0.007127777777777777
2,0,0.03455515873015873
2,0,0
2,1,0.9908686507936507
2,0,0.022600000000000002
2,0,0.0021119047619047615
2,0,7.5e-4
2,0,0.019905158730158728
2,0,0
2,0,0.28300952380952393
2,0,0.0014658730158730157
2,0,0
2,0,0
2,0,0.005438888888888889
2,0,0
2,0,0
2,0,5.333333333333334e-4
2,1,0.3172777777777778
2,0,0.03591309523809524
2,0,0
2,0,0.0030666666666666663
2,1,0.9901416666666666
2,0,0.027427777777777777
2,0,0.01006111111111111
2,0,0.11808849206349199
2,0,0.3522746031746033
2,0,0
2,1,0.07983849206349207
2,0,0.002226190476190476
2,1,0.9703900793650794
2,0,0.20059920634920622
2,0,0.003261904761904762
2,0,0
2,0,0.21726031746031735
2,0,3.333333333333333e-4
2,0,3.75e-4
2,0,0.4236170634920637
2,0,8.928571428571428e-4
2,0,0
2,0,0.014019047619047615
2,1,0.9021015873015873
2,0,0.08061785714285713
2,0,0
2,0,0.024477380952380945
2,0,0.0023436507936507936
2,0,0.004759523809523811
2,0,0.0014861111111111112
2,0,0.008527777777777776
2,0,0.0011238095238095239
2,0,0.03657857142857143
2,0,0.03440873015873015
2,0,0.02066507936507937
2,0,0.14771230158730156
2,0,0.04926706349206352
2,0,0.04317698412698414
2,0,0.0018944444444444445
2,0,0.001
2,0,0.019490873015873014
2,0,0
2,1,0.9836031746031746
2,0,0
2,0,0.06638968253968255
2,0,0.16049285714285705
2,0,0.1042309523809524
2,0,0.07812499999999999
2,1,0.9800361111111111
2,0,0.1430281746031746
2,0,0.030888888888888886
2,0,0
2,1,0.041602380952380946
2,0,2.857142857142857e-4
2,0,0.13598253968253965
2,0,0.15806587301587302
2,0,0.9679198412698412
2,0,0.001
2,0,0.013771825396825393
2,0,0.05292380952380954
2,1,0.9251976190476191
2,0,0.06094682539682541
2,1,0.17933809523809513
2,0,7.5e-4
2,0,0.06751349206349207
2,0,0.9899166666666667
2,0,0.14631507936507931
2,0,0.0062468253968253964
2,0,0.04260198412698413
2,0,0.001
2,0,0
2,0,0.09404603174603175
2,1,0.9781698412698411
2,0,0.10183690476190477
2,1,0.9671011904761905
2,0,0.026894841269841267
2,0,0
2,0,0
2,0,0.001
2,0,0.02582976190476189
2,0,0.010710317460317458
2,1,0.3097154761904762
2,0,0.0012936507936507937
2,0,0
2,0,0
2,0,0.005808333333333334
2,0,0.001
2,1,0.9693130952380952
2,0,0.1823400793650794
2,0,0.006631349206349207
2,0,0.014409920634920635
2,0,0.012693650793650793
2,0,0.0034
2,0,3.611111111111111e-4
2,0,0.023516269841269838
2,0,0.00125
2,0,0.001
2,0,0.01680833333333333
2,0,5.666666666666666e-4
2,0,0.010666666666666666
2,0,0.18538492063492046
2,0,0.09337142857142859
2,0,0.014247619047619049
2,0,0.024639682539682538
2,0,0.01348531746031746
2,0,5e-4
2,0,7.666666666666666e-4
2,0,0.005708333333333334
2,1,0.9543154761904762
2,0,0.01231150793650794
2,0,0.0615420634920635
2,0,0.054018253968253986
2,0,0.013090873015873012
2,1,0.9881972222222223
2,0,0.00775952380952381
2,0,0.0033083333333333333
2,0,0.117693253968254
2,0,0.23588849206349213
2,0,0.27457658730158696
2,1,0.6614476190476191
2,0,0.03701150793650793
2,0,0.08298253968253967
2,0,0.06121904761904763
2,0,0.21978095238095233
2,1,0.029361111111111112
2,0,0.20731746031746037
2,0,0.3099142857142856
2,0,0.011304761904761903
2,0,0.047703571428571415
2,0,0.08640674603174604
2,1,0.3908190476190477
2,0,0.2637781746031745
2,0,0.009288492063492065
2,1,0.9968833333333335
2,0,0.03843373015873015
2,0,0.011835714285714286
2,0,0.044184126984126985
2,0,0.036173809523809525
2,0,0.015301190476190473
2,0,0.22687539682539676
2,0,0.031885317460317454
2,0,0.10183769841269842
2,0,0.022157142857142858
2,0,0.009
2,0,0.006747619047619048
2,0,0.36577698412698434
2,1,0.025265079365079365
3,0,0.42736230158730154
3,0,0.17226904761904763
3,1,0.18221904761904742
3,1,0.20170238095238097
3,0,0.05505277777777783
3,0,0.11173571428571431
3,0,0.05976230158730159
3,0,0.10332976190476185
3,1,0.09949285714285719
3,0,0.40568849206349206
3,0,0.10578849206349206
3,0,0.3359896825396826
3,1,0.13815952380952384
3,0,0.044162301587301604
3,1,0.3236785714285714
3,1,0.4841499999999996
3,0,0.20993174603174605
3,0,0.39596746031746016
3,1,0.19702023809523803
3,0,0.2828051587301588
3,0,0.1859242063492063
3,0,0.2285714285714283
3,0,0.08469603174603178
3,0,0.17544484126984117
3,0,0.16832777777777774
3,0,0.31208888888888875
3,0,0.07090992063492066
3,0,0.06520515873015872
3,0,0.17554682539682534
3,1,0.9730912698412701
3,0,7.539682539682539e-4
3,0,0.001
3,1,0.4157535714285713
3,0,0.10458293650793657
3,0,0.029990476190476185
3,1,0.1879166666666667
3,0,0.060680158730158744
3,0,0.014112698412698412
3,0,0.1466019841269841
3,0,2.6785714285714287e-4
3,0,0.002966666666666667
3,0,0.2573992063492064
3,0,0.01019642857142857
3,0,0.13792063492063492
3,0,0.006408730158730158
3,1,0.9449531746031749
3,0,0.043690079365079355
3,0,0.0091734126984127
3,0,0.008277380952380951
3,0,0.08517579365079367
3,0,0.016461507936507934
3,0,0.005086507936507936
3,0,0.009656349206349207
3,0,0.00265
3,0,0.0017916666666666665
3,0,0.02092857142857143
3,0,0.11264603174603183
3,0,0.009887301587301585
3,0,0.006366666666666667
3,0,0.0577230158730159
3,1,0.1641611111111111
3,0,0.015907142857142856
3,1,0.09066071428571429
3,0,0.009666666666666665
3,0,0.002097222222222222
3,0,0.002116666666666667
3,0,0.002214285714285714
3,0,0.051934126984127006
3,0,0.010093650793650792
3,0,0.04863174603174602
3,1,0.8905916666666672
3,0,0.047509920634920655
3,0,0.03328730158730159
3,0,0.005210317460317459
3,0,0.223754365079365
3,0,0.007176190476190477
3,0,0.012109920634920635
3,0,0
3,0,1.111111111111111e-4
3,1,0.8616892857142862
3,0,0.014736111111111116
3,0,0.0018095238095238093
3,0,0.006661507936507937
3,0,5.444444444444444e-4
3,1,0.9013789682539688
3,0,0
3,0,0.015910714285714285
3,0,0.025311111111111107
3,0,0.06112976190476193
3,0,0.0010416666666666664
3,0,0.001
3,0,0
3,0,0.020662301587301587
3,0,0.021665476190476186
3,0,0.5164749999999999
3,0,0.39350674603174624
3,1,0.9765349206349203
3,0,2.5e-4
3,0,0.0950468253968254
3,0,0.002
3,0,0.1045960317460318
3,0,0
3,0,0.034166269841269845
3,1,0.2527972222222223
3,0,0.03432738095238095
3,0,0.00125
3,0,0.04054166666666667
3,1,0.9252793650793654
3,0,0.023249999999999993
3,0,0.052655158730158746
3,0,0.0991900793650794
3,0,0.22990039682539679
3,0,0.004242857142857143
3,0,0.0136984126984127
3,0,0.026498015873015864
3,0,0.09482261904761907
3,0,0.09511626984126983
3,0,0.1903329365079365
3,0,0.0166984126984127
3,0,0.022607936507936507
3,1,0.9646928571428571
3,0,0.4103210317460315
3,0,0.0029761904761904765
3,0,0.037508730158730165
3,0,0.002
3,0,0.29787142857142845
3,0,0
3,0,0.002119047619047619
3,0,0.0011111111111111111
3,0,0
3,0,0.0029916666666666668
3,0,0.003514285714285714
3,0,0.2306575396825395
3,0,0.03141190476190476
3,0,0.008611111111111111
3,0,6.25e-4
3,0,0.022923412698412696
3,0,0.11003015873015873
3,1,0.8992432539682543
3,0,0.024486111111111108
3,0,0.027309920634920628
3,0,0.06660992063492063
3,0,0.13437500000000005
3,0,0.11476666666666673
3,0,0.1812027777777779
3,0,0.16093849206349203
3,0,0.14871190476190485
3,0,0.043496031746031755
3,0,0.46111388888888877
3,0,0.0782698412698413
3,0,0.038331349206349195
3,1,0.5550226190476191
3,0,0.031444047619047615
3,0,0.10129880952380951
3,0,0.10305436507936502
3,1,0.05691031746031747
3,0,0.019162301587301585
3,0,0.06805119047619046
3,1,0.5715230158730157
3,0,0.015477777777777776
3,0,0.3133476190476191
3,0,0.023074603174603175
3,0,0.22297063492063485
3,0,0.06801746031746034
3,0,0.08008611111111108
3,1,0.924311111111111
3,1,0.19510277777777782
3,0,0.08275595238095239
3,0,0.07063531746031747
3,0,0.2149845238095238
3,0,0.20598293650793661
3,1,0.05184285714285715
3,0,0.0012761904761904763
3,0,0.2645134920634922
3,0,0.04862817460317461
3,0,0.0952103174603175
3,0,0.02481071428571428
3,1,0.5227944444444443
3,0,8.500000000000001e-4
3,0,0.07836706349206352
3,0,0.033267460317460314
3,0,0.053685317460317475
3,0,0.001
3,0,0.001
3,0,0.1402500000000001
3,0,0.04641904761904766
3,1,0.9848591269841271
3,0,0.051543650793650794
3,0,0.011392857142857142
3,0,0.043119047619047626
3,0,0.12374761904761904
3,0,0.005052380952380952
3,0,0.001325
3,0,0.04276706349206351
3,0,0.017835317460317458
3,0,0.1320214285714285
3,0,0.032212698412698415
3,0,0.09682341269841278
3,0,0.11398849206349211
3,0,0.007794444444444444
3,0,0.07621746031746032
3,0,0.1265424603174604
3,0,0.034767460317460315
3,0,0.016385714285714285
3,0,0.033713095238095236
3,0,0.06298015873015875
3,0,0.03638888888888891
3,0,0.006373015873015873
3,0,0.25903373015873005
3,0,0.17019484126984127
3,0,0.07828333333333336
3,0,0.09128452380952382
3,0,0.2834650793650794
3,1,0.10216547619047621
3,0,0.0854178571428572
3,0,0.007105158730158731
3,0,0.10812380952380957
3,0,0.02904920634920635
3,1,0.11936626984126986
3,0,0
3,0,0.03527301587301587
3,0,0.12417658730158733
3,0,0.0022261904761904762
3,0,0.10587103174603181
3,1,0.010366666666666666
3,0,5e-4
3,0,0.08469603174603177
3,1,0.9833412698412699
3,0,5e-4
3,0,0.009593253968253968
3,0,1e-4
3,0,7.361111111111112e-4
3,0,0
3,1,0.9886333333333334
3,0,0.001
3,0,0
3,0,0
3,0,0.0022063492063492066
3,0,0.026603174603174597
3,1,0.9861011904761904
3,0,0.004
3,0,0.0037166666666666663
3,0,0.00195
3,0,7.5e-4
3,0,2.5e-4
3,0,0.0020396825396825397
3,1,0.9932
3,0,2.5e-4
3,0,0.002361111111111111
3,0,0
3,0,0.0029
3,0,0.0016567460317460315
3,1,0.5865408730158727
3,0,0.38421666666666665
3,0,0.08600714285714285
3,0,1.4285714285714284e-4
3,0,0
3,0,0.006124999999999999
3,0,0.018231746031746026
3,0,0.020375396825396824
3,0,0.019419841269841268
3,0,8.5e-4
3,0,0.04949444444444444
3,0,0
3,0,3.333333333333333e-4
3,0,0.0012222222222222224
3,0,0
3,0,0.012377380952380954
3,0,0.04012539682539682
3,1,0.9774654761904762
3,0,0.035317063492063504
3,0,0.06343373015873016
3,0,0.003266666666666667
3,0,0.0035
3,0,0
3,0,0.0012416666666666665
3,0,0
3,0,0.012455952380952378
3,0,0.08768253968253971
3,0,0.009494444444444444
3,0,0.0030000000000000005
3,0,0.0065027777777777775
3,0,0.0055
3,1,0.2406896825396826
3,0,0.06121825396825398
3,0,0.0017285714285714287
3,0,0.014594444444444445
3,0,0.18819920634920628
3,0,0.050999603174603184
3,0,0.07958174603174609
3,0,0.058221825396825404
3,0,0
3,0,0
3,0,6.666666666666666e-4
3,0,0.001
3,0,0.06050158730158731
3,0,0.005308333333333333
3,1,0.9715392857142859
3,0,0
3,0,0
3,0,0.009089682539682538
3,0,0.006177777777777778
3,1,0.08244206349206351
3,0,0.004333333333333334
3,0,0.001
3,0,0.14420753968253971
3,0,0.002
3,0,0.026931746031746032
3,0,0.0017444444444444443
3,0,0.05740595238095239
3,0,0
3,0,0
3,0,0
3,0,0.007108333333333334
3,0,0.0020666666666666667
3,0,0.0019
3,0,0
3,0,0.0024
3,0,0.026672222222222215
3,0,0.01519325396825397
3,1,0.9852404761904763
3,1,0.959379365079365
3,1,0.9311289682539685
3,0,0.004249206349206349
3,0,0
3,0,0.36245714285714287
3,0,0.0024111111111111113
3,0,0.001
3,0,1.6666666666666666e-4
3,0,0
3,1,0.9745476190476189
3,0,0.006955555555555557
3,0,0.004944444444444445
3,0,0
3,0,0
3,0,0.007803571428571429
3,0,0
3,0,0.02855079365079365
3,0,0.0075690476190476185
3,0,0.002592857142857143
3,0,0.06079642857142858
3,0,0.05060992063492064
3,1,0.9864722222222222
3,1,0.976411111111111
3,0,0
3,0,0.0027916666666666667
3,0,0.03621031746031745
3,0,0.12790039682539686
3,0,0.04541031746031747
3,0,0.07215476190476189
3,0,0.041088492063492056
3,0,0.04047222222222223
3,0,0.12668690476190472
3,0,0.025209920634920634
3,1,0.4304833333333336
3,0,0.1121531746031746
3,1,0.9866464285714286
3,0,8.666666666666667e-4
3,0,0.01153611111111111
3,0,0.004
3,0,0
3,0,0.06517222222222221
3,0,0
3,0,0.49450793650793673
3,0,0.00785
3,0,0
3,0,0.043721031746031744
3,0,0.007105555555555556
3,0,0.00175
3,0,4.2857142857142855e-4
3,0,0.001
3,0,0
3,0,0.27266904761904764
3,0,0.5119876984126983
3,0,0
3,0,0
3,0,0.0064333333333333334
3,0,0
3,0,0.001
3,0,0.034638888888888886
3,1,0.9879924603174604
3,0,0.001
3,0,0
3,0,0.045088492063492074
3,1,0.9961531746031745
3,0,3e-4
3,0,0.00175
3,0,0
3,0,0.0021000000000000003
3,0,0
3,1,0.9808035714285713
3,0,6.944444444444445e-4
3,0,0.005583333333333333
3,0,0
3,0,0
3,0,0
3,0,0.08244206349206351
3,0,1.111111111111111e-4
3,0,0.004215079365079365
3,0,0
3,0,0.02264920634920635
3,0,0
3,0,0.38548095238095215
3,0,0
3,0,0.1760420634920635
3,0,3e-4
3,0,0
3,0,0.006742857142857144
3,0,0.001
3,0,0
3,0,0
3,0,0.17932023809523823
3,0,0.1747924603174603
3,0,0.07824682539682541
3,0,0.05465357142857145
3,0,0.011592460317460316
3,0,0.0067507936507936505
3,0,8.75e-4
3,0,0
3,1,0.6773293650793646
3,0,0.001
3,0,0.04111507936507937
3,0,0.07136468253968255
3,0,0.002
3,0,0
3,0,0.22516944444444453
3,0,0
3,0,0
3,0,0.0012222222222222224
3,0,0
3,0,0.06590714285714284
3,0,0.15511071428571427
3,0,0.011817460317460319
3,0,0.023516269841269838
3,0,0.09958134920634924
3,0,0.0031111111111111114
3,1,0.09408055555555558
3,0,0.002
3,0,0.0028095238095238095
3,0,0.002033333333333333
3,0,0.002
3,0,0.0037928571428571425
3,0,0.0053956349206349214
3,0,0.07501190476190478
3,0,0.18625833333333336
3,0,0.036409920634920635
3,0,0.0045000000000000005
3,0,0
3,0,0.16755753968253964
3,0,0.02032301587301587
3,0,0.004
3,0,0.018773412698412695
3,0,0
3,0,0
3,0,0.027508730158730156
3,0,0
3,1,0.9954107142857143
3,0,0.0017
3,0,0
3,0,0.023495634920634927
3,0,0.0748063492063492
3,0,0.009296428571428572
3,0,0.21040952380952382
3,0,0.01828690476190476
3,0,0.003455555555555556
3,0,0.1983075396825398
3,0,0
3,0,0.0011
3,1,0.977851984126984
3,0,0.1576777777777778
3,1,0.43470753968253967
3,0,0.01188888888888889
3,0,0.001
3,0,0.04026349206349206
3,0,0.018758333333333328
3,0,0.03997420634920635
3,0,0.042410714285714295
3,0,0.008190079365079365
3,0,0.003281349206349206
3,0,0.0254313492063492
3,0,0
3,0,0.025966666666666662
3,0,0.005571428571428571
3,0,0.03248650793650793
3,0,0.0024345238095238096
3,0,0.001672222222222222
3,0,0
3,0,0.011317460317460316
3,1,0.9802174603174603
3,0,0.11393253968253968
3,0,0.01040595238095238
3,0,0.18889603174603173
3,0,6.428571428571428e-4
3,1,0.9571972222222223
3,0,0.0013535714285714284
3,0,0
3,0,0.0025
3,0,0
3,0,0.015205952380952382
3,0,0.48359722222222207
3,1,0.9942809523809523
3,0,0.01403611111111111
3,0,0.18351984126984128
3,0,0.001753968253968254
3,0,0.32345595238095276
3,0,0.036431349206349196
3,1,0.983979761904762
3,0,0
3,0,0.0025714285714285713
3,0,0.14832777777777773
3,0,0
3,0,0.014433333333333331
3,0,0.05339206349206351
3,0,0.04516190476190477
3,0,8.75e-4
3,0,0.3666857142857143
3,0,0.002
3,0,0.0018380952380952383
3,0,2.222222222222222e-4
3,1,0.13745714285714294
3,0,0.018771428571428567
3,0,0.004303174603174603
3,0,0
3,1,0.9910777777777778
3,0,0.0011666666666666668
3,1,0.44184603174603176
3,1,0.42190515873015877
3,0,0.012494047619047618
3,0,0.038644841269841274
3,1,0.12986785714285717
3,0,0.2552694444444444
3,0,0.0410297619047619
3,0,0.0857107142857143
3,0,0.0017190476190476192
3,0,0.0800309523809524
3,0,0.027005158730158723
3,1,0.9256107142857143
3,1,0.992054761904762
3,1,0.9718476190476188
3,0,0.11962857142857139
3,0,0.1252952380952381
3,0,0.01680753968253968
3,0,0.22806388888888884
3,0,0.01218452380952381
3,0,0
3,1,0.9958333333333333
3,0,0.001
3,0,0.005242857142857143
3,0,0.12804047619047626
3,1,0.9746492063492065
3,1,0.9810039682539682
3,0,7.142857142857143e-4
3,0,0.004666666666666666
3,0,0
3,0,0
3,0,0.001
3,0,8.75e-4
3,0,0
3,1,0.9938579365079364
3,0,0
3,0,0
3,0,0.15335238095238096
3,0,0.046055555555555565
3,0,0
3,0,0.0014825396825396827
3,0,0.051228174603174595
3,0,0.007796825396825397
3,1,0.12040555555555563
3,0,0.004849206349206349
3,0,0.02650714285714285
3,1,0.9827349206349207
3,0,0.48614603174603177
3,1,0.7004269841269838
3,0,0.0207468253968254
3,0,0.13459047619047623
3,0,0.0311079365079365
3,1,0.9677734126984125
3,0,0.02204563492063492
3,0,0.03412301587301588
3,0,0.023494841269841263
3,0,0.09077222222222225
3,1,0.9835948412698415
3,0,0
3,0,0
3,0,0
3,0,0.009426984126984127
3,0,0.017413492063492065
3,1,0.3693611111111111
3,1,0.39963134920634913
3,1,0.9945880952380953
3,0,0
3,0,0.016001984126984125
3,0,0.001
3,0,6.666666666666666e-4
3,0,0.0014222222222222223
3,0,0.008073809523809525
3,0,1e-4
3,0,0.004416666666666667
3,0,0.16530238095238095
3,0,0.06762420634920636
3,0,0
3,0,0
3,0,0.0013
3,0,4.916666666666667e-4
3,0,0.001
3,0,0.005916666666666667
3,0,0.003126190476190476
3,0,0.010599206349206348
3,0,0
3,0,0
3,0,0
3,0,2.5e-4
3,0,0.003575
3,0,2.5e-4
3,0,0.018792857142857146
3,0,0.1710234126984127
3,0,6.666666666666666e-4
3,0,5.833333333333333e-4
3,0,0.008476984126984125
3,0,0.025998809523809528
3,0,0.003091269841269841
3,1,0.9573412698412698
3,0,0.06480793650793652
3,1,0.9383992063492061
3,0,0.03169523809523809
3,1,0.995343650793651
3,0,0.0012
3,0,0.001
3,0,0
3,0,0
3,0,0
3,0,0.001
3,1,0.44813015873015877
3,1,0.9763166666666668
3,0,0.07663293650793651
3,0,0
3,0,0.014166666666666666
3,1,0.9486623015873015
3,0,0.003996825396825397
3,0,0.11059404761904766
3,0,0.01758690476190476
3,0,0.21751468253968248
3,0,0.008010317460317459
3,0,0.028925396825396826
3,0,0.0019333333333333333
3,0,0.0792039682539683
3,0,0.1386761904761905
3,0,0
3,0,0.004
3,1,0.9978555555555556
3,0,0
3,0,0.001
3,0,0.012419047619047618
3,0,0.00517063492063492
3,0,0.1458861111111112
3,0,0.021953174603174603
3,0,0.004701190476190476
3,1,0.09996309523809525
3,0,0.11237063492063494
3,0,0.016421031746031742
3,1,0.554743253968254
3,0,0.005346428571428571
3,0,0.0044444444444444444
3,0,0.001
3,0,0.004
3,0,0.0637511904761905
3,0,0.007673412698412698
3,0,0.3485373015873016
3,0,0.021511507936507926
3,1,0.9810416666666665
3,0,0.009962698412698414
3,0,0.026250793650793646
3,0,0.0017583333333333333
3,0,0.001
3,0,0
3,0,0.024598809523809523
3,0,0
3,0,0.07176944444444446
3,0,0.020909126984126985
3,0,0.017676190476190474
3,1,0.9941416666666668
3,0,0
3,0,0.17075039682539686
3,1,0.7854428571428567
3,0,0
3,0,0.00415
3,0,0.0012
3,1,0.9923535714285714
3,0,0.001
3,0,0
3,0,0.0036972222222222224
3,0,6.5e-4
3,0,0.04797579365079367
3,0,0
3,0,0.04759642857142856
3,0,0
3,0,0.0015611111111111112
3,0,0.0010666666666666667
3,1,0.36386904761904754
3,0,0.2022492063492064
3,0,0
3,0,0.0010833333333333333
3,0,0
3,0,0.0353361111111111
3,0,0
3,0,0.001
3,0,0.03610039682539683
3,0,0.08393174603174602
3,0,0.0759769841269841
3,0,0.305247222222222
3,0,0.022925396825396824
3,0,0.030799603174603177
3,0,0.0015
3,0,0.5333107142857144
3,0,0.1855373015873016
3,0,0.006204761904761904
3,0,0.14567341269841283
3,0,0.08978373015873019
3,0,0.05894841269841269
3,0,0.005111111111111111
3,0,0
3,1,0.9652956349206349
3,0,0.13530873015873018
3,0,0.06327857142857145
3,0,0.011041269841269841
3,0,0.23509246031746037
3,0,0.08678492063492071
3,0,0.06816309523809524
3,0,0.3127571428571429
3,0,0.28821706349206344
3,0,0.010840873015873016
3,0,0.08849563492063497
3,1,0.08214642857142859
3,0,0.03847579365079366
3,0,0.2138023809523809
3,1,0.3336464285714288
3,0,0.0011428571428571427
3,1,0.9950515873015873
3,0,0.0030928571428571433
3,0,0.014459523809523808
3,0,0.019481349206349204
3,0,2.5e-4
3,0,0.00812063492063492
3,1,0.3170186507936509
3,0,0.03448293650793652
3,0,0.004330555555555555
3,0,0.00275
3,0,0.03299206349206349
3,0,0.0036682539682539685
3,0,7.261904761904762e-4
3,0,0.39166587301587286
3,0,0.0044761904761904765
3,0,0.07108452380952383
3,1,0.22100515873015855
3,1,0.33371825396825405
3,0,0
3,0,0.025228571428571423
3,0,0.017258333333333334
3,0,0
3,0,0.0011428571428571427
3,0,0.06090515873015872
3,0,0.06091666666666664
3,0,0.14201428571428568
3,0,0.01427579365079365
3,0,0.002
3,0,0.05470595238095236
3,0,0.005646825396825397
3,0,0.014330158730158726
3,0,1.6666666666666666e-4
3,0,0.10943730158730164
3,1,0.2776238095238093
3,0,0.0022
3,1,0.9766210317460318
3,0,0.07026626984126985
3,0,0.012492460317460317
3,1,0.038767857142857146
3,0,0.014506349206349207
3,0,0.08543293650793651
3,1,0.07184523809523807
3,1,0.36284126984126985
3,0,0.09737380952380957
3,0,0.042032142857142865
3,0,0.09303809523809527
3,1,0.17913333333333334
3,0,0.00671190476190476
3,0,0.07118809523809524
3,0,0.18090357142857136
3,0,0.009452777777777777
3,0,6.666666666666666e-4
3,0,0.013059126984126984
3,0,0.08841388888888896
3,0,0.12719523809523803
3,0,0.17609880952380952
3,0,0.03317341269841269
3,0,0.02484642857142856
3,0,0.008748015873015873
3,0,2.857142857142857e-4
3,0,0.004008333333333333
3,0,0.15198531746031743
3,0,0.32163293650793656
3,0,0.05894563492063495
3,0,0.05686746031746032
3,0,0.016432936507936504
3,1,0.9758476190476191
3,1,0.9467273809523811
3,0,0.18921111111111108
3,0,0.06803174603174603
3,0,0.07513611111111113
3,0,0.1797460317460317
3,0,0.06880634920634922
3,0,0.31960992063492033
3,0,0.10161150793650794
3,0,0.05855039682539684
3,0,0.25562222222222236
3,1,0.007141269841269841
3,0,8.666666666666667e-4
3,0,0.027188888888888887
3,0,0.1444230158730159
3,0,0.12185039682539682
3,0,0.026050793650793637
3,0,0.014450396825396826
4,0,0.4161565129315131
4,0,0.05412380952380953
4,1,0.07373769841269845
4,0,0.05702380952380957
4,0,0.025656349206349204
4,0,0.04508849206349208
4,0,0.02043690476190476
4,0,0.7385420634920634
4,0,0.45817350427350406
4,1,0.28029960317460334
4,1,0.3633756132756133
4,0,0.04239999999999999
4,0,0.03306746031746031
4,0,0.17329166666666673
4,0,0.028136111111111105
4,0,0.0611265873015873
4,0,0.6377289682539679
4,1,0.33137579365079356
4,0,0.36172507215007255
4,0,0.5695265873015872
4,0,0.11244801587301592
4,0,0.07198888888888892
4,0,0.29166230158730133
4,0,0.5602317460317462
4,0,0.37198849206349194
4,1,0.21279206349206342
4,0,0.13357579365079364
4,0,0.23442182539682524
4,1,0.6905178571428571
4,0,0.03556706349206349
4,0,0.18662023809523812
4,0,0.2205690476190476
4,0,0.4264567460317462
4,0,0.39207222222222243
4,0,0.22838809523809514
4,1,0.12175595238095241
4,0,0.018679761904761904
4,0,0.018806349206349205
4,0,0.15215793650793652
4,0,0.001342857142857143
4,0,0.0023428571428571426
4,0,0.038680158730158745
4,0,0.004641666666666666
4,0,0.001
4,1,0.9233059523809519
4,0,0.018016269841269833
4,0,0.002
4,0,0.017420634920634916
4,0,0.0014333333333333333
4,0,0.0012857142857142856
4,0,0.04018650793650793
4,0,0.002353968253968254
4,0,0.0021694444444444443
4,1,0.002306349206349206
4,0,0.018244444444444445
4,0,0.2712345238095239
4,1,0.38609206349206354
4,0,0.007019047619047619
4,0,0.001
4,0,0.003966666666666667
4,0,0.00629404761904762
4,0,0.011805555555555554
4,0,0.008361904761904763
4,0,0.2411785714285713
4,0,0.01267857142857143
4,0,0.08317103174603177
4,0,0.0070999999999999995
4,0,0
4,0,0.01713611111111111
4,0,0.0022166666666666667
4,0,8.333333333333333e-4
4,0,0.001
4,0,0
4,1,0.9235388888888891
4,0,0
4,0,0.003030555555555556
4,1,0.1869865079365079
4,0,0.006164285714285714
4,0,0.028178571428571428
4,1,0.9113781746031744
4,0,0.37888492063492074
4,0,0.02181111111111111
4,0,0.010867857142857144
4,0,0.20531230158730152
4,0,0
4,1,0.9711607142857144
4,0,0.02052420634920635
4,1,0.3948123015873017
4,0,0
4,0,0.20245714285714297
4,0,0.041406746031746024
4,0,0.014266666666666667
4,0,0.0022
4,0,0.002
4,0,0.002
4,0,0.0065249999999999996
4,0,0.12049563492063492
4,0,0.07203214285714286
4,0,0.2010345238095238
4,0,0.1296472222222222
4,0,0.0026952380952380956
4,0,0.0023666666666666667
4,0,0.04018253968253967
4,0,0.15109007936507934
4,0,0.008865476190476193
4,0,0.002021825396825397
4,1,0.9749031746031744
4,0,0.009260317460317462
4,0,0.10955476190476188
4,0,0.37656309523809545
4,1,0.025028174603174597
4,0,0.009247222222222224
4,0,0.11414007936507936
4,0,0.0028333333333333335
4,0,0.030145634920634927
4,0,0.005227777777777777
4,1,0.8682325396825393
4,0,0.012552777777777779
4,1,0.015661904761904762
4,1,0.8680515873015868
4,1,0.9106325396825399
4,0,0.246820634920635
4,0,0.0028190476190476186
4,0,0.09646785714285717
4,0,0.17111904761904767
4,0,0.042953174603174625
4,0,0.05832658730158731
4,0,0.016446031746031743
4,0,0.10494801587301587
4,0,0.03844404761904764
4,0,0.03008730158730159
4,0,0.06838531746031747
4,0,0.011166666666666665
4,0,0.1449869047619048
4,0,0.05860476190476192
4,0,0.06743055555555555
4,0,0.01324563492063492
4,0,0.005596428571428572
4,1,0.20597896825396828
4,0,0.04071031746031746
4,0,0.017703174603174603
4,1,0.9698773809523812
4,0,0.11986746031746036
4,0,0.015825
4,1,0.9631007936507939
4,0,0.008512698412698413
4,0,0.011708730158730158
4,0,0.021498015873015874
4,0,0.0042833333333333334
4,0,0.25243134920634913
4,0,0.06584880952380953
4,0,0.0048821428571428575
4,0,0.08716706349206348
4,0,0.007152380952380953
4,0,0.07421388888888893
4,0,0.006454761904761905
4,0,0.013515079365079365
4,0,0.6805130952380953
4,0,0.13122896825396824
4,0,0.024518650793650794
4,0,0.048875396825396836
4,0,0.013676984126984124
4,1,0.9651079365079365
4,1,0.9472349206349209
4,0,0.0035333333333333336
4,0,0.06034246031746036
4,0,0.0014190476190476188
4,0,0.002777777777777778
4,0,0.10440277777777783
4,0,0.041026984126984155
4,0,0.02031666666666667
4,0,0.0421888888888889
4,0,0.01125
4,0,0.20139841269841272
4,0,0.03723452380952381
4,1,0.9432539682539683
4,0,0.03149444444444444
4,0,0.00956150793650794
4,0,0.11777182539682537
4,1,0.16911468253968265
4,0,3.0000000000000003e-4
4,0,0.22722182539682542
4,0,0
4,0,0.10816984126984129
4,0,0.001
4,0,0.1586853174603175
4,0,0.0027083333333333334
4,0,0.031004365079365076
4,0,0.02645039682539682
4,0,0.07146507936507937
4,0,0.1097694444444445
4,1,0.9498837301587301
4,0,0.037209523809523824
4,0,0.20605952380952378
4,0,0.10936230158730158
4,0,0.07293134920634924
4,0,0.0395638888888889
4,0,0.00716031746031746
4,1,0.009236111111111108
4,0,0.04853174603174603
4,0,0.001619047619047619
4,0,0.037788095238095246
4,0,0.0035400793650793654
4,0,0.03263055555555555
4,0,0.04892579365079364
4,0,0.01863809523809524
4,0,0.2999873015873015
4,0,0.0036547619047619046
4,0,0.01286190476190476
4,0,0
4,0,0.0015
4,0,0
4,0,0.007
4,0,0
4,0,0.01392063492063492
4,0,0.002533333333333333
4,1,0.992284126984127
4,0,5e-4
4,0,2.5e-4
4,0,0.006367857142857143
4,0,0.001
4,1,0.9909619047619048
4,0,0.08341269841269841
4,0,0.0334297619047619
4,0,0.0014
4,0,0.06024206349206352
4,0,0.006400793650793651
4,0,0.007
4,0,0.009833333333333333
4,0,0
4,0,0.0887690476190476
4,0,0.0021666666666666666
4,0,0.0912424603174603
4,0,0.0011666666666666668
4,1,0.36058253968253984
4,0,1.111111111111111e-4
4,1,0.99805
4,0,0.018667063492063495
4,0,0.004425793650793651
4,0,0.014503968253968252
4,1,0.8602682539682543
4,0,0.0025785714285714288
4,1,0.9971785714285715
4,0,0
4,0,0.016052777777777777
4,0,0.0013174603174603173
4,0,2.5e-4
4,0,0.001
4,0,0
4,0,0.03714920634920635
4,1,0.9983333333333333
4,0,0
4,0,0.003942857142857144
4,0,0.7222444444444445
4,0,0.37274285714285726
4,0,0
4,0,0.00895952380952381
4,0,0.011767857142857142
4,0,0.0014285714285714286
4,0,0.03325912698412699
4,0,0.0015722222222222225
4,0,0
4,0,0.0016666666666666666
4,0,0.002855555555555556
4,0,3.333333333333333e-4
4,0,0.1605214285714286
4,1,0.9737638888888889
4,0,0.001
4,0,0.10208849206349205
4,0,0.035671825396825396
4,1,0.13626269841269847
4,0,0.010180158730158729
4,1,0.994442857142857
4,1,0.31252896825396814
4,0,0
4,0,0.00125
4,1,0.995347222222222
4,0,0
4,0,0.039397222222222215
4,0,0.011087301587301587
4,0,0
4,0,0.10690595238095238
4,0,0
4,1,0.19298492063492056
4,1,0.4662753968253968
4,1,0.7776107142857142
4,0,0.0020706349206349203
4,0,0.1479583333333333
4,0,0.003202777777777778
4,0,0.13026507936507936
4,0,0.0014222222222222223
4,0,0
4,0,0.0014166666666666666
4,0,0.3695250000000001
4,0,0.0034249999999999997
4,0,0.1535734126984128
4,0,0
4,1,0.9579388888888891
4,0,0.00225
4,0,0.19584047619047612
4,0,0.07569960317460321
4,0,0.007455158730158731
4,0,0.008408333333333334
4,0,0
4,0,0.0027476190476190482
4,0,3.75e-4
4,0,0
4,1,0.9932591269841269
4,0,0.2156575396825396
4,0,0.12356825396825404
4,0,0.026080158730158728
4,0,0.19548134920634916
4,0,0.04070436507936506
4,0,0.05502936507936507
4,1,0.9893670634920636
4,0,0.11218253968253969
4,0,0.10115317460317459
4,0,0.0062
4,1,0.9722670634920634
4,0,0.12174880952380956
4,1,0.9914968253968254
4,1,0.9868210317460318
4,0,0.006
4,0,0.03140119047619047
4,0,0.007231746031746032
4,0,0.1582174603174603
4,0,0.0028730158730158727
4,0,0.004451190476190477
4,0,0.10353412698412705
4,1,0.9972142857142858
4,0,0.011785317460317458
4,0,0.018008730158730158
4,0,0.019841666666666667
4,0,0.005701190476190476
4,0,0
4,0,0.0010357142857142856
4,0,0.07942460317460318
4,0,0.001325
4,0,0
4,0,0.028741269841269842
4,1,0.25323134920634927
4,0,0.02253690476190475
4,0,0.0075222222222222235
4,0,0.03869642857142858
4,0,0
4,0,0.0011666666666666665
4,0,0.345009523809524
4,0,0.006306349206349205
4,0,0.0018
4,0,0.004658333333333333
4,0,0.007
4,1,0.980571031746032
4,0,0
4,0,0.10113174603174603
4,0,0.249536507936508
4,0,6.666666666666666e-4
4,0,0.10292182539682544
4,0,0
4,1,0.9022996031746032
4,0,0
4,0,0.0014416666666666666
4,0,0
4,0,0
4,0,0.02962301587301587
4,0,0
4,0,0.013087301587301585
4,0,0.004230555555555556
4,0,0.43927976190476214
4,0,0
4,0,0
4,0,0.0047333333333333324
4,0,0.008674999999999999
4,0,0
4,0,4.1666666666666664e-4
4,0,0.0022035714285714284
4,0,0.01632738095238095
4,0,0
4,0,0
4,0,0.00462063492063492
4,0,2e-4
4,0,0.024998015873015866
4,0,0.00235
4,0,4.444444444444444e-4
4,1,0.9896543650793653
4,0,0
4,0,0.07320992063492067
4,0,0.6873043650793653
4,0,0
4,0,0.0030119047619047616
4,0,1.4285714285714284e-4
4,0,0
4,0,0.1052055555555556
4,0,7.5e-4
4,0,0.009094444444444443
4,0,0
4,0,7.777777777777776e-4
4,0,0.0015
4,0,8.761904761904762e-4
4,0,0.17176865079365075
4,1,0.05680436507936509
4,0,0.007088492063492062
4,0,0
4,0,3.6666666666666667e-4
4,0,0.006793253968253967
4,0,0
4,0,0.0025
4,1,0.97394126984127
4,0,0.00165
4,0,4.5833333333333327e-4
4,0,0.0010277777777777776
4,0,0.01514206349206349
4,0,7e-4
4,0,0.001
4,0,0.007441269841269841
4,0,0.007211904761904761
4,1,0.7234972222222226
4,0,0.020255952380952378
4,1,0.9795956349206347
4,0,0.006303571428571428
4,0,0.0011666666666666668
4,0,0
4,0,0.0011333333333333332
4,0,5e-4
4,0,0
4,0,0.01500952380952381
4,0,0.23095912698412716
4,0,0.43844206349206344
4,0,0
4,0,0.06662698412698415
4,1,0.2134730158730159
4,0,0.011685317460317462
4,0,0.11102420634920636
4,0,0.0130781746031746
4,0,0.013573412698412697
4,1,0.9973472222222222
4,0,0
4,0,0.001
4,0,0.003986111111111111
4,0,0.007
4,0,0.00135
4,1,0.994904761904762
4,0,0.03550952380952381
4,0,8.11111111111111e-4
4,0,0.002197222222222222
4,0,0.5586301587301589
4,1,0.9952083333333333
4,1,0.9647115079365081
4,0,0
4,0,4.2857142857142855e-4
4,0,8.888888888888888e-4
4,0,0.00638611111111111
4,0,0.003
4,0,0
4,0,0.001
4,0,0.005831746031746032
4,0,0.008838095238095239
4,0,0.6183809523809525
4,1,0.9942349206349207
4,0,0.04633174603174607
4,0,0
4,0,0.08339007936507939
4,0,7.857142857142856e-4
4,0,0.1218853174603175
4,0,0
4,0,0
4,1,0.9784849206349209
4,0,0.00508095238095238
4,0,0.082525000000000015
4,0,3.333333333333333e-4
4,0,0.24163650793650776
4,1,0.15377420634920633
4,0,0.07983968253968259
4,1,0.45503214285714294
4,0,0.10168055555555554
4,0,0.007328571428571428
4,0,0.14020119047619045
4,0,0
4,0,0.0013499999999999999
4,0,0
4,0,0.0016428571428571427
4,1,0.9177420634920639
4,1,0.9883896825396825
4,0,2.5e-4
4,0,0.287368650793651
4,0,0.06244920634920637
4,0,0.08308492063492068
4,0,0.00920238095238095
4,1,0.10731666666666666
4,0,0.0026
4,0,0
4,0,6.666666666666666e-4
4,0,0
4,0,0
4,0,0.0027666666666666664
4,0,0.001
4,0,0
4,0,0.05090793650793652
4,0,0
4,0,2.5e-4
4,0,5e-4
4,0,9e-4
4,0,0
4,0,0.1987222222222221
4,0,0
4,0,0.0014285714285714286
4,1,0.986904761904762
4,0,0.07332301587301589
4,0,0.0022666666666666664
4,0,0.004035714285714286
4,0,0
4,1,0.997134126984127
4,1,0.9596757936507936
4,1,0.13031071428571436
4,0,0.029005952380952375
4,0,0.014815079365079364
4,1,0.9817686507936509
4,0,0.12899801587301588
4,0,0.001
4,0,0.04930595238095239
4,0,0.7034523809523814
4,0,0.2542682539682539
4,0,0.0051428571428571435
4,0,0.19266944444444448
4,0,0
4,0,0.056619444444444444
4,1,0.9879888888888887
4,0,0.009247619047619048
4,0,0.02304563492063492
4,0,0.16533373015873004
4,0,0.16162499999999996
4,0,0.08477063492063491
4,0,0.11026507936507934
4,1,0.9719345238095238
4,0,0.0051142857142857144
4,0,0.005003571428571429
4,0,0.01624285714285714
4,0,0.07588968253968253
4,1,0.2818579365079366
4,0,0.049437301587301606
4,0,0.2525206349206347
4,1,0.9929238095238095
4,0,0.0028
4,0,5e-4
4,0,0
4,0,0.0017111111111111112
4,0,0.021809523809523806
4,0,3.25e-4
4,0,0.021394444444444445
4,0,6.666666666666666e-4
4,1,0.988763888888889
4,0,0.280069841269841
4,0,0
4,0,0
4,0,0.008969047619047618
4,0,0.008709523809523811
4,0,0.08814761904761903
4,0,0.08647738095238094
4,0,0.11080238095238101
4,1,0.9395067460317461
4,0,0.23000277777777792
4,0,0.12238412698412708
4,0,0.3827960317460317
4,0,0
4,0,0.010717063492063491
4,0,0.0915424603174603
4,0,0.0035476190476190473
4,0,0.07559920634920636
4,0,0.15070396825396823
4,0,0.07212460317460319
4,1,0.9982000000000001
4,0,0.1904349206349206
4,0,0.01658373015873016
4,0,0.08209246031746038
4,0,0.42053888888888863
4,1,0.9556908730158729
4,0,0.0011666666666666665
4,0,0.26264523809523793
4,0,0.004886111111111111
4,0,0.0026666666666666666
4,0,0.24849563492063506
4,1,0.9950654761904761
4,0,0
4,0,5e-4
4,0,0.001
4,0,0.006333333333333334
4,0,0
4,0,7.11111111111111e-4
4,0,0
4,0,0.526493253968254
4,0,0.004208333333333333
4,0,0.0013333333333333333
4,0,0.003851190476190477
4,0,0.0010833333333333335
4,0,0.06610039682539684
4,0,0.0016428571428571427
4,0,0
4,0,0.0044714285714285715
4,0,0.001
4,0,0.009778968253968255
4,0,5e-4
4,0,8.075396825396826e-4
4,0,0.01779761904761904
4,0,0.03728293650793651
4,0,0.01194126984126984
4,0,0.001625
4,1,0.9866369047619048
4,0,0.001
4,0,0
4,1,0.9847825396825398
4,0,0
4,0,0.015563492063492062
4,0,0
4,0,0.0028452380952380947
4,0,0.001376984126984127
4,0,0.0019166666666666666
4,1,0.9950361111111109
4,0,0.1672079365079365
4,0,0
4,0,0.013749999999999997
4,0,0.002363492063492063
4,0,0.02275793650793651
4,0,0.007295238095238097
4,0,0.1358337301587302
4,0,0.10028095238095242
4,0,0.04220396825396826
4,0,0.01515
4,0,6e-4
4,0,0.031588095238095235
4,0,0.24512896825396835
4,0,9.555555555555556e-4
4,1,0.05184523809523811
4,0,0.37206190476190476
4,0,0.005
4,0,0.01178174603174603
4,0,0.08979960317460317
4,0,0.22184642857142856
4,0,1.111111111111111e-4
4,0,0.0072722222222222225
4,0,0.002515079365079365
4,0,0
4,0,0.0011111111111111111
4,0,0.01627380952380952
4,0,0.2302468253968253
4,0,0.15053333333333335
4,0,0.0279234126984127
4,0,0.015282539682539682
4,0,0.1537047619047619
4,0,0.3528936507936506
4,0,0.011333333333333332
4,0,0.23497063492063489
4,0,0.033370634920634905
4,1,0.963546031746032
4,0,0.12274365079365085
4,0,0.002208333333333333
4,0,0.10301111111111119
4,1,0.06901150793650793
4,0,0
4,1,0.15024841269841266
4,0,3.333333333333333e-4
4,0,0.1197936507936508
4,0,0.14835317460317468
4,0,0.008615873015873014
4,0,0.3017301587301589
4,0,0.007863492063492064
4,1,0.9780948412698411
4,1,0.9844194444444445
4,0,0.148543253968254
4,0,0
4,0,0.034559126984126984
4,0,0.001
4,0,0
4,0,0.010341666666666667
4,0,0.05196666666666667
4,0,0.006903968253968254
4,0,0.038068253968253966
4,1,0.1393059523809524
4,0,0.10239484126984127
4,0,0.009925396825396823
4,0,0.11580039682539682
4,0,1.25e-4
4,0,5.833333333333333e-4
4,0,0.0015555555555555557
4,0,0
4,1,0.9867174603174605
4,0,0.045040873015873034
4,0,0.11353214285714291
4,1,0.4807543650793651
4,0,0.0095
4,0,0.17144880952380956
4,0,0.001
4,0,0.0438936507936508
4,0,0.20018690476190487
4,0,0.0013333333333333333
4,0,0.024315873015873013
4,1,0.9952000000000001
4,0,3.75e-4
4,0,0.001
4,0,0.0016333333333333332
4,1,0.10376349206349199
4,0,0.04678849206349208
4,1,0.9757380952380951
4,0,0.005651984126984127
4,0,0.005303571428571429
4,0,0.010214285714285717
4,0,0
4,0,0
4,0,0
4,0,1.25e-4
4,0,0.001
4,0,0.00877579365079365
4,0,0.013798412698412699
4,0,0.02941507936507936
4,1,0.9650845238095236
4,1,0.9954083333333333
4,0,0
4,0,0
4,0,0.30773174603174613
4,0,0.07986111111111113
4,0,0.00926904761904762
4,0,0.34749880952380935
4,0,0
4,0,0
4,0,0.03511150793650795
4,0,0.16295396825396827
4,1,0.08395357142857146
4,0,0.008850000000000002
4,0,0.008658333333333334
4,0,0.005708333333333333
4,1,0.931803571428571
4,0,0.019380555555555554
4,0,0.011134920634920635
4,1,0.1705912698412698
4,0,0.15940515873015873
4,0,0.07675357142857143
4,0,0.008472619047619048
4,0,0
4,0,0.00125
4,0,3.333333333333333e-4
4,0,0.0025619047619047618
4,0,0.007219841269841272
4,0,0.4592789682539681
4,0,0.18368333333333325
4,0,0.013720238095238094
4,1,0.9236396825396824
4,0,0.0038873015873015873
4,0,0.003342857142857143
4,0,0.206747619047619
4,0,0.001
4,0,0.0026
4,0,0.054990079365079374
4,0,0.48084841269841266
4,0,0.2842746031746033
4,0,0.4049309523809522
4,0,0.001
4,0,0.03479047619047619
4,1,0.017026587301587303
4,0,0.005541666666666667
4,1,0.9385722222222217
4,0,0.0035
4,0,0.017353174603174596
4,0,0
4,0,0.013128571428571427
4,0,0.012210714285714285
4,0,0.22174404761904762
4,0,0.11940436507936507
4,0,0.002821428571428571
4,0,0.02108412698412698
4,0,0.17027777777777772
4,0,0.019390873015873014
4,0,0.03543690476190477
4,0,0.2916539682539684
4,0,0.07811269841269843
4,0,0.010598015873015875
4,1,0.7644575396825404
4,0,0.019625396825396827
4,0,0.09569523809523814
4,0,0.002833333333333333
4,0,0.005528968253968254
4,0,0.0619515873015873
4,0,0.3324753968253967
4,0,0.018336904761904763
4,0,0.006133333333333333
4,0,0.04807777777777778
4,0,0.004348809523809524
4,0,0.004285714285714286
4,0,0.005116269841269841
4,0,0.027441269841269836
4,0,0.18273412698412692
4,0,0.277006349206349
4,0,0.011877777777777777
4,0,0.0730400793650794
4,0,0.107890873015873
4,0,0.3669777777777778
4,0,0.001676190476190476
4,0,0.00303531746031746
4,0,0.03160634920634921
4,0,0.026446825396825392
4,0,0.038351190476190476
4,0,0.0025952380952380953
4,0,0.13485039682539687
4,0,0.004933333333333333
4,0,0.06857777777777782
4,0,0.0171797619047619
4,0,0.14143412698412697
4,0,0.1011734126984127
4,0,0.04599126984126985
4,0,0.10707142857142858
4,0,0.09352658730158728
4,0,0.010247619047619049
4,1,0.6895293650793654
4,0,0.014058333333333332
4,0,0.0014
4,0,0.011454761904761903
4,0,0.05154126984126986
4,0,0.2915242063492062
4,0,0.058982142857142865
4,0,0.003644444444444445
4,0,0.0053023809523809525
4,0,0.009087301587301585
4,0,0.015458730158730163
4,0,0.13302777777777783
5,0,0.1860821428571429
5,0,0.27349444444444415
5,0,0.2992641774891772
5,0,0.5286686147186148
5,0,0.17007341269841272
5,0,0.09587896825396826
5,0,0.2807801587301586
5,0,0.23851940836940821
5,0,0.0701357142857143
5,1,0.28036583694083683
5,0,0.40952456709956725
5,0,0.20649801587301575
5,0,0.035616666666666665
5,0,0.19428095238095228
5,0,0.46512020202020193
5,1,0.5969222222222225
5,1,0.251226984126984
5,0,0.08140238095238095
5,0,0.24530634920634906
5,1,0.13002896825396834
5,0,0.02498769841269841
5,0,0.23375515873015879
5,1,0.20539206349206343
5,0,0.11404801587301588
5,0,0.10864285714285711
5,0,0.2641273809523811
5,0,0.010980555555555552
5,0,0.004550000000000001
5,0,0.3559603174603175
5,0,0.0748297619047619
5,0,0.021080952380952374
5,0,0.006358333333333333
5,0,0.0015873015873015873
5,0,0.09031150793650798
5,0,0.0022694444444444446
5,0,0.0058095238095238096
5,0,0.007519047619047618
5,0,0.00175
5,0,0.008725000000000002
5,0,0.22990833333333316
5,0,0.13333611111111113
5,0,0.002
5,0,0.26689206349206324
5,0,0.1173948412698413
5,0,0.2547277777777777
5,0,0.02205595238095238
5,0,0.007598412698412699
5,0,0.1174333333333334
5,0,0
5,0,0.011276984126984127
5,0,3.75e-4
5,0,0.009457539682539682
5,0,0
5,0,0.020161507936507936
5,0,0.014481746031746031
5,0,0.1094821428571429
5,0,0.010286507936507934
5,0,0
5,0,0.5311329365079366
5,0,7e-4
5,0,0.008888888888888889
5,0,0.040382936507936514
5,1,0.1779396825396826
5,0,0
5,0,0.6789099206349206
5,1,0.9510960317460319
5,1,0.9782583333333333
5,0,0.007635714285714286
5,0,0.010001984126984125
5,0,0.003286111111111111
5,0,0.08346031746031748
5,0,0.5477785714285718
5,1,0.08468134920634926
5,0,0.005220238095238095
5,0,0.006005555555555556
5,0,0.22046071428571426
5,0,0.06250912698412699
5,1,0.11025039682539685
5,0,0.02433452380952381
5,0,0.10804087301587306
5,0,0.06881190476190477
5,0,0.008607936507936507
5,0,0
5,0,3.333333333333333e-4
5,0,1.6666666666666666e-4
5,0,0.0033706349206349207
5,0,0.006700000000000001
5,0,0.006425
5,0,0.02164920634920634
5,0,0.12638333333333343
5,0,0.004
5,0,0.024761507936507936
5,0,0.006027380952380952
5,0,0
5,0,0.01406468253968254
5,0,0.06556746031746036
5,0,0.2997793650793649
5,0,0.026674603174603167
5,1,0.9948769841269841
5,0,0.018802777777777776
5,0,0.11213055555555554
5,0,0.00982857142857143
5,0,0.002619047619047619
5,0,0
5,0,0.0015611111111111112
5,1,0.1999011904761905
5,0,0.08126190476190479
5,0,5e-4
5,0,0.007830158730158729
5,0,0.017777380952380954
5,1,0.15391150793650782
5,0,0.21382222222222236
5,0,0.10438492063492068
5,0,0.18451111111111118
5,0,0.016690079365079363
5,1,0.23875357142857137
5,0,0.0932230158730159
5,0,0.22256587301587286
5,0,0.2341087301587301
5,0,0.22054206349206343
5,0,0.1275738095238096
5,0,0.0816373015873016
5,0,0.08790634920634925
5,0,0.3043650793650793
5,1,0.02680833333333333
5,0,0.08309603174603176
5,0,0.006863492063492063
5,0,0.15097976190476198
5,0,0.018077777777777772
5,0,0.17252261904761895
5,1,0.8136722222222225
5,0,0.17081111111111114
5,0,0.10630674603174609
5,0,0.012155555555555555
5,0,0.10056507936507941
5,0,0.10372500000000005
5,0,0.0010289682539682539
5,0,0.04755119047619047
5,0,0.02756626984126983
5,0,0.06951468253968254
5,0,0.22306428571428577
5,1,0.06957777777777778
5,0,0.0045170634920634915
5,0,0.11722499999999998
5,0,0.13422063492063496
5,1,0.5204365079365084
5,0,0.01879365079365079
5,1,0.9769734126984129
5,1,0.02898571428571428
5,0,0.023591269841269837
5,1,0.642907936507937
5,0,0.0737230158730159
5,0,0.011426984126984124
5,0,0.009038888888888888
5,1,0.017590079365079357
5,0,0.009694841269841268
5,0,0.003910714285714286
5,0,0.0909087301587302
5,0,0.01236507936507936
5,0,0.008519444444444446
5,0,0.33370555555555587
5,0,0.024171031746031742
5,0,0.392881746031746
5,1,0.08936626984126984
5,0,0.0018607142857142859
5,0,0.01505515873015873
5,0,0.0933777777777778
5,0,6.845238095238095e-4
5,1,0.1324444444444445
5,0,0.03834642857142857
5,0,0.00805952380952381
5,1,0.9919154761904762
5,0,0.14094563492063497
5,0,0.0024134920634920633
5,0,0.02727619047619047
5,0,0.5373515873015873
5,0,0.008304761904761905
5,0,0.19362261904761904
5,0,0.04413015873015874
5,1,0.888388095238095
5,0,0.15197341269841266
5,0,0.032168253968253964
5,0,0.006559523809523809
5,1,0.9904480158730158
5,1,0.9794956349206352
5,0,0.232645238095238
5,0,0.17808333333333323
5,0,0.11433809523809531
5,0,0.020731746031746028
5,0,0
5,0,4.8571428571428566e-4
5,0,0.1431059523809525
5,0,0.018251190476190473
5,0,0.045486111111111116
5,0,0.0015
5,0,0.053939285714285724
5,0,0.0038642857142857138
5,0,0.026225793650793652
5,0,0.001
5,0,0
5,0,0.07199246031746032
5,0,0
5,0,0
5,0,0
5,0,0.003753968253968254
5,0,0.007861904761904763
5,0,0.05965396825396827
5,0,0
5,0,0.005870634920634921
5,0,0
5,0,0
5,0,0.09943373015873017
5,0,0.8290714285714285
5,0,0.0011428571428571427
5,0,0.06820555555555557
5,1,0.9910321428571429
5,0,0
5,1,0.9960488095238096
5,0,0
5,1,0.9942000000000001
5,0,2.666666666666667e-4
5,0,0.00773452380952381
5,0,0.022371031746031746
5,0,0.155340873015873
5,0,0.052059920634920646
5,0,0.009936111111111113
5,1,0.9830496031746033
5,0,0.007456349206349206
5,0,0.04070396825396825
5,1,0.9587825396825398
5,1,0.9967603174603175
5,0,0.15307460317460317
5,1,0.4950992063492064
5,0,0.003
5,0,0
5,0,0.11434563492063501
5,0,0.29626865079365067
5,0,0.0076166666666666666
5,0,0.009093650793650793
5,0,0.010971825396825395
5,0,0
5,0,0.008977777777777775
5,0,0
5,0,0.0011666666666666668
5,0,0.010798809523809523
5,0,0.001125
5,1,0.9890142857142856
5,0,0
5,0,0.0011539682539682538
5,1,0.9825297619047619
5,0,0.0010357142857142856
5,0,0.0019722222222222224
5,0,0
5,1,0.9947523809523808
5,0,0.001
5,0,0.00125
5,0,0.005314285714285714
5,0,2e-4
5,1,0.9964904761904763
5,0,0
5,0,0.013530952380952378
5,0,0.007073015873015873
5,1,0.9938333333333333
5,0,0.023206349206349203
5,0,0
5,0,0.11434563492063501
5,0,0.0132
5,1,0.27273095238095235
5,0,0
5,0,0
5,0,0.002236111111111111
5,0,0
5,0,8.5e-4
5,1,0.09007500000000002
5,0,0.08555238095238098
5,0,0
5,0,0.001125
5,0,0.003933333333333334
5,0,7.142857142857143e-4
5,0,0.003966666666666667
5,0,0.007948809523809523
5,0,1.4285714285714284e-4
5,0,0.006144047619047619
5,0,0.001125
5,0,0.0015
5,0,0.5604599206349209
5,0,0
5,0,0
5,0,0
5,0,0
5,0,0.0014285714285714286
5,0,0.012218253968253967
5,0,0.006938492063492063
5,1,0.9843353174603175
5,0,0.0024722222222222224
5,0,0.0026111111111111114
5,0,5e-4
5,0,0.0029642857142857144
5,0,0.0024761904761904764
5,0,0
5,0,0.001
5,0,0
5,0,0.001
5,0,0.001
5,0,0
5,0,0
5,0,0
5,0,2e-4
5,0,0.2265011904761904
5,0,0
5,1,0.20197976190476188
5,0,0.041146428571428584
5,1,0.9849924603174603
5,0,0.22811111111111107
5,0,0.13185952380952384
5,1,0.9527289682539686
5,1,0.9911694444444445
5,0,0
5,0,0.16157658730158742
5,0,0.1000746031746032
5,0,0.2638301587301588
5,0,0.0015
5,0,0.015875396825396824
5,0,0.003378968253968254
5,0,0.12390515873015873
5,0,0.061104761904761905
5,0,0.24394761904761908
5,1,0.0768071428571429
5,0,0.27179603174603184
5,0,0.3977448412698414
5,1,0.18756309523809525
5,0,8.194444444444445e-4
5,0,0.007477777777777778
5,0,0.015017063492063493
5,1,0.9879222222222223
5,0,0.0025611111111111112
5,0,0.03780833333333335
5,0,0.014373809523809523
5,0,0.015011111111111109
5,0,0
5,0,0.001
5,1,0.9953281746031746
5,0,0.0679539682539683
5,0,0.001880952380952381
5,0,0.0026111111111111114
5,0,0
5,1,0.245615873015873
5,0,0
5,0,0.009246825396825396
5,0,0.01207579365079365
5,0,0.02324325396825397
5,0,0.06015833333333334
5,0,0.04036111111111111
5,0,0.016981746031746032
5,0,0.014819444444444442
5,0,0.02410595238095237
5,0,0.004701190476190476
5,0,0.01571388888888889
5,1,0.9882805555555557
5,0,0
5,0,0.006349206349206349
5,0,0
5,1,0.9695293650793648
5,0,0.02964444444444444
5,0,4.1666666666666664e-4
5,0,0.0023833333333333337
5,0,0.009833333333333335
5,0,0.001
5,0,0
5,0,0.09021468253968257
5,0,0.003990079365079365
5,0,0.02862063492063491
5,1,0.9952107142857143
5,0,5.833333333333333e-4
5,0,0.07034246031746029
5,0,0.0029500000000000004
5,0,0.0567484126984127
5,0,0.013155555555555556
5,0,0.5345888888888889
5,0,0.03593015873015873
5,0,0.010196031746031748
5,0,0
5,0,0
5,0,0.08852301587301589
5,0,0.004653968253968253
5,0,0.005733333333333333
5,0,0.002
5,0,0.005374603174603175
5,0,2e-4
5,0,0.06412420634920642
5,0,5e-4
5,0,0.0729857142857143
5,0,0.004047619047619047
5,0,2.5e-4
5,0,0.020153968253968254
5,0,0.3659432539682538
5,1,0.9639630952380952
5,0,0.15276388888888892
5,0,0.022054365079365076
5,0,0.002488095238095238
5,0,0
5,0,0.0021555555555555555
5,0,0
5,0,0.018892460317460318
5,0,0.13767142857142856
5,0,0.06074642857142859
5,1,0.9926460317460317
5,0,0
5,0,0.0054111111111111105
5,0,0
5,1,0.9931904761904763
5,0,0
5,0,0.008027380952380954
5,0,0.0025
5,0,0.001
5,0,0.0016
5,0,0
5,0,0.001
5,0,0
5,0,0
5,0,0.011970238095238093
5,0,0.0026666666666666666
5,0,0
5,0,0.017582142857142855
5,1,0.7566992063492065
5,1,0.963346031746032
5,1,0.9868444444444444
5,1,0.9961833333333334
5,0,0.009303571428571428
5,0,0.041269444444444456
5,0,0.0056
5,0,0.10716309523809527
5,0,0.006
5,0,0
5,0,4e-4
5,0,0.015279761904761905
5,0,0.015012301587301585
5,1,0.9379380952380953
5,0,0.0013571428571428571
5,0,0.3122769841269842
5,1,0.9882150793650794
5,0,0.00906626984126984
5,0,0.046391269841269824
5,0,0.41245952380952383
5,0,6.666666666666666e-4
5,0,0.0024261904761904763
5,0,0.1764785714285714
5,0,0.07163531746031747
5,0,0.0011
5,0,5.833333333333333e-4
5,0,0.03581071428571428
5,0,0.005685714285714285
5,0,0.028234523809523807
5,0,0.09961388888888888
5,0,0.07590912698412701
5,0,0.0035392857142857136
5,0,0.04704246031746034
5,0,0.00831904761904762
5,0,0.009972619047619048
5,1,0.9917999999999999
5,0,0
5,1,0.7364392857142861
5,0,0
5,0,0
5,0,0.002
5,1,0.998
5,0,5.714285714285714e-4
5,0,0.001
5,0,0.004783333333333333
5,0,0.05374801587301588
5,1,0.059307142857142885
5,0,6.666666666666666e-4
5,0,0.20270079365079377
5,0,4.523809523809523e-4
5,0,0.007166666666666667
5,0,0.002973809523809524
5,0,9.5e-4
5,0,0.003011111111111111
5,0,0.03753809523809523
5,0,0.0016666666666666666
5,0,0.005366666666666666
5,1,0.5683007936507936
5,0,0
5,0,0.024812301587301588
5,0,4.1666666666666664e-4
5,0,5.833333333333333e-4
5,0,0.09807976190476188
5,0,0.0024500000000000004
5,0,0.009672222222222221
5,0,0
5,0,0.0012083333333333332
5,0,0
5,1,0.9613392857142858
5,1,0.9954000000000001
5,0,0.0015
5,0,0
5,1,0.9636912698412697
5,0,0.07212579365079369
5,0,0.005849999999999999
5,0,0
5,0,0
5,0,0.002
5,0,0.0021000000000000003
5,0,0.166438888888889
5,0,0.02136706349206349
5,1,0.0913496031746031
5,0,0.0034
5,1,0.1256555555555556
5,0,0.29924206349206356
5,0,0.38071626984127005
5,1,0.4952988095238095
5,0,0.002
5,0,0
5,0,0.001375
5,0,0.0036333333333333335
5,0,0.016749603174603174
5,0,0.008137698412698412
5,0,0.003937301587301587
5,0,0.20418452380952382
5,0,0.18473373015873024
5,0,0.001
5,0,0.08030753968253972
5,0,0.1467591269841269
5,0,8.055555555555556e-4
5,0,0
5,0,0.017270238095238095
5,0,0.0023333333333333335
5,0,0.08377460317460315
5,0,0.001
5,0,0
5,0,0.03464404761904763
5,1,0.2629150793650793
5,0,6.666666666666666e-4
5,0,0.12197420634920632
5,0,0.0029500000000000004
5,1,0.43359126984126994
5,0,0.005226190476190477
5,0,0.001
5,1,0.23579801587301577
5,1,0.9938956349206349
5,0,0
5,1,0.9894099206349208
5,0,0.08541746031746032
5,0,0.00705
5,0,0.015598809523809523
5,0,0.009951190476190475
5,0,0
5,1,0.9732472222222223
5,1,0.9343226190476192
5,0,0
5,0,0.03863809523809525
5,1,0.015266269841269843
5,0,0.010722222222222222
5,0,0.06739404761904767
5,1,0.09417103174603175
5,0,0.06473333333333332
5,0,0.11505396825396834
5,0,0.016181349206349203
5,0,0
5,0,0.019001587301587297
5,0,0.0025
5,0,0.17415396825396806
5,0,0.5575976190476194
5,0,0.11244285714285716
5,0,0.07855714285714285
5,0,0.12255753968253971
5,0,0.007739682539682539
5,0,0.1554007936507937
5,0,0.039117460317460315
5,0,0.19542579365079363
5,0,0.11143134920634924
5,0,0.027908333333333323
5,0,0.006055555555555555
5,1,0.9926869047619048
5,0,0.39205436507936503
5,0,0.006037301587301588
5,0,1.111111111111111e-4
5,0,0.033442460317460315
5,1,0.9869714285714284
5,0,0
5,1,0.15465238095238099
5,1,0.9076757936507939
5,0,0.12713134920634925
5,0,5e-4
5,0,0.17742301587301593
5,0,0.09434126984126986
5,1,0.07219722222222222
5,0,0.11576507936507935
5,0,0
5,0,0.004926190476190476
5,0,0
5,1,0.9155424603174603
5,0,2.857142857142857e-4
5,0,0.10849206349206353
5,0,0.0010666666666666667
5,0,0.022865079365079363
5,0,0
5,0,0.010077380952380952
5,0,0
5,0,0
5,1,0.9889031746031746
5,0,5e-4
5,0,0
5,1,0.9915166666666666
5,0,0.003357142857142857
5,0,0.008282142857142856
5,0,0.0014246031746031743
5,0,0.00739920634920635
5,0,0
5,0,0.03785833333333334
5,0,0.0022944444444444444
5,0,0
5,0,0.01703928571428571
5,0,0.03600436507936507
5,0,0.02053174603174603
5,0,0.00490952380952381
5,0,0.025995238095238096
5,0,0.09463968253968257
5,0,0.002083333333333333
5,0,0.005603968253968254
5,0,0.21159761904761895
5,0,7.714285714285713e-4
5,0,0.013177777777777778
5,1,0.9508198412698414
5,0,0.3418095238095237
5,0,0.0015222222222222223
5,1,0.9871749999999999
5,0,0.35639007936507944
5,0,0.0017916666666666665
5,0,0.031623809523809526
5,0,0.26814603174603163
5,1,0.8335694444444445
5,0,0.0023888888888888887
5,0,0
5,0,7.250000000000001e-4
5,0,0.21391349206349203
5,1,0.973031349206349
5,0,0.0431234126984127
5,0,0.008691666666666667
5,0,0.0016666666666666668
5,0,0.009375793650793652
5,0,2.5e-4
5,0,0.2304698412698412
5,0,0.006988095238095239
5,1,0.9649559523809524
5,0,0.008818650793650793
5,0,0.013199603174603175
5,0,0.008769047619047617
5,0,0.0077932539682539674
5,0,0.003
5,0,0
5,0,0.008150793650793648
5,0,0.020725
5,0,0.009732142857142856
5,0,0
5,0,0
5,0,0.0016
5,0,2.222222222222222e-4
5,0,0.06279206349206351
5,0,0.2076960317460317
5,0,0.10744126984126987
5,0,0.06937103174603176
5,0,0.023190873015873015
5,1,0.4827154761904763
5,0,0
5,0,0.0018333333333333335
5,0,0.0017833333333333332
5,0,2.5e-4
5,0,0
5,0,0
5,1,0.9707980158730156
5,0,0.016581349206349204
5,0,0.022727777777777767
5,0,0.01111190476190476
5,0,0.0071805555555555555
5,0,0.005841269841269841
5,1,0.9363817460317463
5,0,0.0012206349206349207
5,1,0.057578571428571444
5,0,0.5282857142857141
5,0,0.004094444444444444
5,0,0.004233333333333334
5,0,0
5,0,0.06150595238095238
5,0,0.2163547619047617
5,0,0.16749960317460322
5,0,0
5,0,0.13746150793650788
5,0,0.0041587301587301595
5,0,0.001546825396825397
5,1,0.6600432539682541
5,1,0.989209126984127
5,0,0
5,0,0
5,0,0.001
5,0,0.02663015873015873
5,0,0.005125
5,0,0.017033730158730154
5,0,0.01146111111111111
5,0,0.002219047619047619
5,0,0.014724206349206348
5,0,0.07773214285714285
5,0,0.03505396825396827
5,0,0.007569444444444444
5,0,0.001095238095238095
5,0,0
5,0,1.111111111111111e-4
5,0,0.059128571428571454
5,0,0.0023190476190476195
5,0,0.004522222222222222
5,0,0
5,0,0.1630666666666667
5,0,0.0030333333333333336
5,0,0.010576190476190477
5,0,0.01026309523809524
5,1,0.2774781746031746
5,0,0.013090079365079364
5,0,0.04808174603174605
5,0,0.07149484126984129
5,0,0.0020035714285714283
5,0,0.05422539682539682
5,0,0
5,0,0.0015277777777777779
5,0,0.016395238095238095
5,0,0.06277539682539683
5,0,0.06257380952380952
5,0,0.12372777777777771
5,0,0.4313416666666664
5,1,0.15154047619047625
5,0,0.16884920634920633
5,1,0.3876166666666664
5,0,0.24374126984126965
5,0,0.026734920634920636
5,0,0
5,0,2.5e-4
5,0,0.0030595238095238093
5,0,0.0070750000000000006
5,1,0.9938313492063491
5,0,0.005244444444444445
5,0,0.0014166666666666666
5,0,0.002434523809523809
5,0,0.008559523809523809
5,0,0.39430357142857114
5,0,0.4691805555555558
5,0,0.221120634920635
5,0,0.005164285714285715
5,0,8.095238095238096e-4
5,0,0.024367063492063492
5,0,0.005333333333333334
5,0,0.1438853174603175
5,1,0.9593464285714284
5,0,0.08998690476190478
5,0,0.0016666666666666666
5,0,6.666666666666666e-4
5,0,0.008607936507936507
5,0,0.0030436507936507937
5,1,0.47173968253968224
5,0,0.01070952380952381
5,0,0.016685317460317463
5,0,6.444444444444443e-4
5,0,0
5,0,0.04533214285714287
5,0,0.024707142857142858
5,0,0.024131349206349205
5,0,0.10775873015873019
5,0,0.00782420634920635
5,0,0.00555
5,0,0.016870634920634918
5,0,0.009476190476190477
5,0,0.0012
5,0,0.014417460317460317
5,0,0.00225
5,0,0.09413214285714284
5,0,0.10580277777777777
5,0,0.49904761904761896
5,0,0.0037857142857142855
5,0,0.16004325396825397
5,0,0.28575873015873005
5,0,0.021086111111111104
5,0,0.022761111111111103
5,0,0.015075396825396823
5,1,0.040816269841269834
5,0,0.04655317460317461
5,0,0.033163492063492055
5,0,0.027175396825396828
5,0,0.07767301587301591
5,0,0.1550686507936508
5,0,0.025286507936507923
5,0,0.13630634920634918
5,0,0.017180952380952384
5,0,0.06113293650793649
5,0,0.010002777777777777
5,0,0.1936980158730158
5,0,0.019176984126984126
5,0,0.0856595238095238
5,0,0.15004801587301586
5,1,0.7113571428571429
5,0,0.024466269841269827
5,0,0.04841349206349206
5,0,0.30154642857142866
5,0,0.04905476190476193
5,0,0.05348134920634921
5,0,0.01803690476190476
5,0,4.5396825396825394e-4
5,0,0.06502539682539685
5,0,0.2019456349206349
5,0,0.1551960317460318
5,0,0.06548293650793655
5,0,0.01707936507936508
5,0,0.03722380952380953
5,0,0.04719007936507936
5,0,0.008240873015873014
5,0,0.0013111111111111112
5,0,0.23954761904761906
5,0,0.059426190476190494
5,0,0.08013769841269845
5,0,0.0346515873015873
5,0,0.04994007936507936
5,0,0.030694444444444448
5,0,0.23045873015873025
5,0,0.037494444444444455
