metric,EX-ANTE,DAY-20,delta_day20_minus_exante
MCC,0.11441570622489595,0.5597995625644631,0.4453838563395671
Precision,0.25757575757575757,0.6967213114754098,0.43914555389965226
F1,0.2369337979094077,0.6137184115523465,0.3767846136429388
AUC,0.5268348623853211,0.8683782184078129,0.34154335602249186
Recall,0.21935483870967742,0.5483870967741935,0.3290322580645161
threshold_star,0.33,0.5700000000000001,0.24000000000000005
Balanced_Accuracy,0.55348475880438,0.7529779520568215,0.19949319325244153
LogLoss,0.4541765337250709,0.30021915202122845,-0.15395738170384243
Specificity,0.8876146788990825,0.9575688073394495,0.06995412844036697
Brier,0.13884607344465652,0.08988143283972069,-0.04896464060493583
