threshold,MCC,Accuracy,Balanced_Accuracy,Precision,Recall,Specificity,F1,TP,TN,FP,FN
0.5700000000000001,0.7347641860858208,0.942794547224927,0.802671965870994,0.94972067039106145,0.6104129263913824,0.9949310053506054,0.7431693989071039,340,3533,18,217
0.5800000000000001,0.7335125354778261,0.9425511197663097,0.8017742998027713,0.9495798319327731,0.6086175942549371,0.9949310053506054,0.7417943107221007,339,3533,18,218
0.64,0.7323957406335052,0.9423076923076923,0.7978491910893688,0.9597701149425287,0.599640933572711,0.9960574486060265,0.7381215469613259,334,3537,14,223
0.65,0.73114259406798765,0.942064264849075,0.7969515250211461,0.9596541786743515,0.59784560143626575,0.9960574486060265,0.736725663716814,333,3537,14,224
0.66,0.73114259406798765,0.942064264849075,0.7969515250211461,0.9596541786743515,0.59784560143626575,0.9960574486060265,0.736725663716814,333,3537,14,224
0.63,0.7310972003813311,0.942064264849075,0.7977083856824412,0.9570200573065902,0.599640933572711,0.9957758377921713,0.7373068432671082,334,3536,15,223
0.59,0.7310048811662792,0.942064264849075,0.799978967666326,0.9492957746478873,0.6050269299820467,0.9949310053506054,0.7390350877192983,337,3533,18,220
0.56,0.7309800465793923,0.942064264849075,0.803006410311506,0.9393939393939394,0.6122082585278277,0.9938045620951844,0.741304347826087,341,3529,22,216
0.6900000000000001,0.7301476266849378,0.9418208373904576,0.7930264163077435,0.9704142011834319,0.5888689407540395,0.9971838918614475,0.7329608938547487,328,3541,10,229
0.62,0.7298038209092358,0.9418208373904576,0.7975675802755136,0.9542857142857143,0.599640933572711,0.995494226978316,0.7364939360529218,334,3535,16,223
0.55,0.7297739728165104,0.9418208373904576,0.8043793262271683,0.9320652173913043,0.6157989228007181,0.9929597296536187,0.7416216216216216,343,3526,25,214
0.7000000000000001,0.7288933928201358,0.9415774099318404,0.7921287502395209,0.9703264094955489,0.5870736086175943,0.9971838918614475,0.7315436241610739,327,3541,10,230
0.68,0.7287470347442628,0.9415774099318404,0.7936424715621109,0.9648093841642229,0.5906642728904847,0.996620670233737,0.7327394209354121,329,3539,12,228
0.67,0.728631885862438,0.9415774099318404,0.7951561928847009,0.9594202898550724,0.5942549371633752,0.9960574486060265,0.7339246119733924,331,3537,14,226
0.54,0.7285447193066517,0.9415774099318404,0.8042385208202407,0.9295392953929539,0.6157989228007181,0.9926781188397634,0.7408207343412526,343,3525,26,214
0.61,0.7285155657591362,0.9415774099318404,0.7974267748685858,0.9515669515669516,0.599640933572711,0.9952126161644607,0.73568281938326,334,3534,17,223
0.7100000000000001,0.7277234127281121,0.941333982473223,0.7904742235100033,0.9730538922155688,0.5834829443447038,0.9974655026753028,0.729517396184063,325,3542,9,232
0.6,0.7272323988337307,0.941333982473223,0.7972859694616582,0.9488636363636364,0.599640933572711,0.9949310053506054,0.7348734873487349,334,3533,18,223
0.74,0.7267756580717152,0.9410905550146057,0.7873059754578957,0.981651376146789,0.5763016157989228,0.9983103351168685,0.7262443438914027,321,3545,6,236
0.72,0.7264667396501351,0.9410905550146057,0.7895765574417806,0.972972972972973,0.5816876122082585,0.9974655026753028,0.7280898876404494,324,3542,9,233
0.43,0.7260918661299005,0.9403602726387537,0.8239697316405675,0.8644859813084113,0.6642728904847397,0.9836665727963954,0.7512690355329951,370,3493,58,187
0.75,0.7255193183459684,0.9408471275559883,0.786408309389673,0.9815950920245399,0.5745062836624776,0.9983103351168685,0.7248018120045301,320,3545,6,237
0.73,0.7253036773920928,0.9408471275559883,0.787922030712263,0.9757575757575757,0.578096947935368,0.997747113489158,0.7260428410372041,322,3543,8,235
0.76,0.7242614684810953,0.9406037000973709,0.7855106433214505,0.9815384615384616,0.5727109515260324,0.9983103351168685,0.7233560090702947,319,3545,6,238
0.47000000000000003,0.7240391434781085,0.9403602726387537,0.8148874037050275,0.8861386138613861,0.6427289048473968,0.9870459025626585,0.7450572320499479,358,3505,46,199
0.52,0.72394971863572255,0.9406037000973709,0.8067027418377103,0.910761154855643,0.6229802513464991,0.9904252323289214,0.7398720682302772,347,3517,34,210
0.48000000000000004,0.7238979728314888,0.9403602726387537,0.8141305430437327,0.8880597014925373,0.6409335727109515,0.9873275133765137,0.7445255474452555,357,3506,45,200
0.53,0.7237337563749999,0.9406037000973709,0.8044321598538253,0.9173333333333333,0.6175942549371634,0.9912700647704872,0.7381974248927039,344,3520,31,213
0.42000000000000004,0.7233404514980044,0.9396299902629016,0.8250610367423746,0.8551724137931035,0.6678635547576302,0.9822585187271191,0.7500000000000001,372,3488,63,185
0.46,0.7232256412939858,0.9401168451801363,0.8162603196206899,0.8801955990220048,0.6463195691202872,0.9862010701210927,0.7453416149068323,360,3502,49,197
0.77,0.7230021000938153,0.9403602726387537,0.7846129772532278,0.9814814814814815,0.5709156193895871,0.9983103351168685,0.7219069239500567,318,3545,6,239
0.44,0.7229899339027661,0.939873417721519,0.8199038175202373,0.8690476190476191,0.6552962298025135,0.9845114052379611,0.7471852610030706,365,3496,55,192
0.49,0.7222368443143636,0.9401168451801363,0.810962294991625,0.8936708860759494,0.6337522441651705,0.9881723458180794,0.7415966386554621,353,3509,42,204
0.78,0.7217412047336885,0.9401168451801363,0.7837153111850051,0.9814241486068112,0.5691202872531418,0.9983103351168685,0.7204545454545453,317,3545,6,240
0.45,0.7215398533955101,0.9396299902629016,0.8182492907907197,0.8705035971223022,0.651705565529623,0.98479301605181635,0.7453798767967147,363,3497,54,194
0.41000000000000003,0.7214831928819924,0.939143135345667,0.8255362865898144,0.8496583143507973,0.6696588868940754,0.9814136862855534,0.7489959839357428,373,3485,66,184
0.79,0.7204787738823565,0.939873417721519,0.7828176451167825,0.9813664596273292,0.5673249551166966,0.9983103351168685,0.7189988623435722,316,3545,6,241
0.8,0.7204787738823565,0.939873417721519,0.7828176451167825,0.9813664596273292,0.5673249551166966,0.9983103351168685,0.7189988623435722,316,3545,6,241
0.51,0.7204130664312351,0.939873417721519,0.8062803256169274,0.9036458333333334,0.6229802513464991,0.9895803998873557,0.7375132837407014,347,3514,37,210
0.4,0.7196594711517434,0.9386562804284323,0.8260115364372541,0.8442437923250564,0.6714542190305206,0.9805688538439876,0.748,374,3482,69,183
0.5,0.7181878633173905,0.9393865628042843,0.8067555754643672,0.8969072164948454,0.6247755834829444,0.9887355674457899,0.7365079365079366,348,3511,40,209
0.39,0.711412118992356,0.9364654333008764,0.8270148697587905,0.8231441048034934,0.6768402154398564,0.9771895240777246,0.7428571428571429,377,3470,81,180
0.38,0.7106540075469852,0.9359785783836416,0.8297607015901152,0.8141025641025641,0.6840215439856373,0.975499859194593,0.7434146341463416,381,3464,87,176
0.36000000000000004,0.705438267200996,0.934031158714703,0.8339322829637592,0.7918367346938775,0.696588868940754,0.9712756969867643,0.7411652340019101,388,3449,102,169
0.37,0.7049139811818071,0.9345180136319376,0.8289158691485494,0.8037974683544303,0.6840215439856373,0.9738101943114615,0.7390882638215324,381,3458,93,176
0.35000000000000003,0.7008711270444181,0.9328140214216164,0.8332282559291211,0.7838383838383839,0.696588868940754,0.9698676429174881,0.7376425855513309,388,3444,107,169
0.33,0.6978426437167234,0.9313534566699123,0.8369245874553253,0.7680311890838206,0.7073608617594255,0.966488313151225,0.7364485981308411,394,3432,119,163
0.34,0.6967530556757998,0.9315968841285297,0.8332810895557778,0.7749003984063745,0.6983842010771992,0.9681779780343566,0.7346553352219074,389,3438,113,168
0.32,0.6930549577694706,0.9298928919182083,0.8368366156750544,0.7581573896353166,0.7091561938958707,0.9645170374542382,0.7328385899814471,395,3425,126,162
0.31,0.6922596189606784,0.928919182083739,0.840814558015114,0.7467411545623837,0.7199281867145422,0.9617009293156857,0.7330895795246801,401,3415,136,156
0.3,0.6873978922490943,0.9272151898734177,0.8413426414892106,0.7354014598540146,0.7235188509874326,0.9591664319909885,0.7294117647058823,403,3406,145,154
0.29000000000000004,0.6806356800436185,0.9250243427458618,0.8408322534881569,0.7227191413237924,0.725314183123878,0.9563503238524359,0.7240143369175627,404,3396,155,153
0.28,0.6748316095769193,0.9225900681596884,0.8424516420640606,0.707105719237435,0.7324955116696589,0.9524077724584624,0.7195767195767195,408,3382,169,149
0.27,0.6731236440772731,0.9213729308666018,0.8447750576746025,0.6983050847457627,0.7396768402154399,0.9498732751337652,0.7183958151700087,412,3373,178,145
0.26,0.6682702491678453,0.9194255111976631,0.8451623357417715,0.6877076411960132,0.7432675044883303,0.9470571669952126,0.7144089732528042,414,3363,188,143
0.25,0.6641498316611891,0.9174780915287244,0.8463064744702354,0.676948051948052,0.748653500897666,0.9439594480428048,0.7109974424552429,417,3352,199,140
0.24000000000000002,0.660692606295585,0.9152872444011685,0.8488235291143618,0.6645669291338583,0.7576301615798923,0.9400168966488314,0.7080536912751678,422,3338,213,135
0.23,0.6554581142591955,0.9121226874391432,0.8515342227920726,0.6484848484848484,0.7684021543985637,0.9346662911855815,0.7033689400164338,428,3319,232,129
0.22,0.6418439577642587,0.9060370009737099,0.8510415302640619,0.6233766233766234,0.7755834829443446,0.9264995775837792,0.6911999999999999,432,3290,261,125
0.21000000000000002,0.6346366515675523,0.9021421616358325,0.8518160863983999,0.6080892608089261,0.7827648114901257,0.9208673613066741,0.6844583987441131,436,3270,281,121
0.2,0.629142429812749,0.8984907497565725,0.8534883086009606,0.5943396226415094,0.7917414721723519,0.9152351450295692,0.6789838337182448,441,3250,301,116
0.19,0.6257401770459862,0.8955696202531646,0.8555829470243039,0.5837696335078534,0.800718132854578,0.9104477611940298,0.6752460257380772,446,3233,318,111
0.18000000000000002,0.6202355185046942,0.8909444985394352,0.8582056689217441,0.5683814303638645,0.8132854578096947,0.9031258800337933,0.6691285081240768,453,3207,344,104
0.17,0.6101757016078629,0.8838851022395326,0.8594203367499078,0.5476190476190477,0.8258527827648114,0.8929878907350042,0.658554044380816,460,3171,380,97
0.16,0.5999881309717261,0.8777994157740994,0.8581707835606023,0.5315729047072331,0.8312387791741472,0.8851027879470572,0.6484593837535014,463,3143,408,94
0.15000000000000002,0.5933432209831504,0.8712268743914313,0.8604239228639163,0.5153172866520788,0.8456014362657092,0.8752464094621234,0.6403806934058464,471,3108,443,86
0.14,0.5783136133611912,0.8627069133398247,0.8562525942827444,0.49631966351209256,0.8473967684021544,0.8651084201633342,0.6259946949602122,472,3072,479,85
0.13,0.5756990242433533,0.8575949367088608,0.8593505660276242,0.48582995951417,0.8617594254937163,0.856941706561532,0.6213592233009708,480,3043,508,77
0.12,0.565747180914694,0.8488315481986368,0.8588227353459996,0.4691119691119691,0.8725314183123878,0.8451140523796113,0.6101694915254237,486,3001,550,71
0.11,0.5540485801609177,0.8378773125608568,0.8577845166633213,0.4502283105022831,0.8850987432675045,0.8304702900591383,0.5968523002421308,493,2949,602,64
0.09999999999999999,0.5353538588957197,0.822541382667965,0.852698079333356,0.4263698630136986,0.8940754039497307,0.8113207547169812,0.577391304347826,498,2881,670,59
0.09,0.5234329579012937,0.8096397273612463,0.8505334173952568,0.4089068825910931,0.9066427289048474,0.794424105885666,0.5636160714285715,505,2821,730,52
0.08,0.5104701661788191,0.7950340798442064,0.8473831176086641,0.39113827349121466,0.9192100538599641,0.7755561813573641,0.5487674169346195,512,2754,797,45
0.06999999999999999,0.49081702630105234,0.7753164556962026,0.8397621829540014,0.3692857142857143,0.9281867145421903,0.7513376513658124,0.5283597342871743,517,2668,883,40
0.060000000000000005,0.46851364608808505,0.7541382667964946,0.8290258338738878,0.34808853118712274,0.9317773788150808,0.726274288932695,0.5068359375,519,2579,972,38
0.05,0.4588958036717318,0.7380720545277507,0.8257875623070245,0.3350286077558805,0.9461400359066428,0.7054350887074063,0.49483568075117373,527,2505,1046,30
0.04,0.4381187743101568,0.7115384615384616,0.8149809369196833,0.31463990554899646,0.9569120287253142,0.6730498451140524,0.47356730342070186,533,2390,1161,24
0.03,0.4116818048149911,0.677458617332035,0.7990524832562906,0.2917570498915401,0.9658886894075404,0.6322162771050408,0.4481466055810079,538,2245,1306,19
0.02,0.3821481044353037,0.6324245374878287,0.7790583682650397,0.2669926650366748,0.9802513464991023,0.5778653900309771,0.4196771714066103,546,2052,1499,11
0.01,0.33009955009775127,0.5535540408958131,0.7379785803882589,0.23183536329273416,0.9910233393177738,0.48493382145874403,0.37576582709326073,552,1722,1829,5
